name,spotify_name,spotify_id,,,,,,,
ザ・カーナビーツ,The Carnabeats,0RKGqklzF5pVx8isn908WS,,,,,,,
東京スカパラダイスオーケストラ,Tokyo Ska Paradise Orchestra,0UZq6vAHrwGgctvxTzzxYm,,,,,,,
THE SQUARE,THE SQUARE,1qLh5Luiu5DBNU3SeHcDwq,,,,,,,
ゴダイゴ,Godaigo,7agr01GMFpbX5ie9UsTGxe,,,,,,,
NUMBER GIRL,NUMBER GIRL,0FXxQ0TEYtebM8gGg0xdoC,,,,,,,
水樹奈々,Nana Mizuki,0W2x7650Lt2CEIIcLHXmsE,,,,,,,
あらきゆうこ,Yuko Araki,7Dr9MkjvPKMkFoFqvOPGUr,,,,,,,
プラスティック・オノ・バンド,Plastic Ono Band,,,,,,,,
MGS,MGS,16xMfxUzAcxVLwH0pYgiPl,,,,,,,
ヴァン・ヘイレン,Van Halen,2cnMpRsOVqtPMfq7YiFE6K,,,,,,,
ライジング・フォース,Rising Force,,,,,,,,
ジェリーフィッシュ,Jellyfish,2uOx9zg8upJGyQ0wFixp3p,,,,,,,
スライ&ザ・ファミリー・ストーン,Sly and the Family Stone,,,,,,,,
キング・クリムゾン,King Crimson,7M1FPw29m5FbicYzS2xdpi,,,,,,,
キャメル,camel,5hizEt9CzulZ77SeEiCv4T,,,,,,,
ディープ・パープル,Deep Purple,568ZhdwyaiCyOGJRtNYhWf,,,,,,,
イン・フレイムス,In Flames,57ylwQTnFnIhJh4nu4rxCs,,,,,,,
T.V.,T.V.,3Rg6bo1F8GQyCk1RNBs7IN,,,,,,,
HEAT WAVE,HEAT WAVE,1qgzqqiimEzSEPHSWfbT3s,,,,,,,
JAPA Bloco,JAPA Bloco,,,,,,,,
ASIAN KUNG-FU GENERATION,ASIAN KUNG-FU GENERATION,0MK8l3nURwwQIjafvXoJJt,,,,,,,
チューリップ,tulip,74krRxSUht1qLZ6tWT0u4M,,,,,,,
クラムボン,Crambong,,,,,,,,
SAKEROCK,SAKEROCK,0QuGRcJe2JDK7NFicuOY2S,,,,,,,
あいみょん,Aimyon,5CQ2OlHFMq6XyLaxsE1bLR,,,,,,,
SUPER EGG MACHINE,SUPER EGG MACHINE,,,,,,,,
FLOW,FLOW,3w2HqkKa6upwuXEULtGvnY,,,,,,,
AIRBLANCA,AIRBLANCA,,,,,,,,
ハロウィン,Halloween,,,,,,,,
ザ・ワイルドワンズ,The Wild Ones,,,,,,,,
ロードオブメジャー,Lord of the Measures,5m0p1hLwjTBVYdgUyQaNaQ,,,,,,,
村八分,murahachibu,,,,,,,,
バーズム,Barzum,,,,,,,,
フランクザッパ,Frank zappa,6ra4GIOgCZQZMOaUECftGN,,,,,,,
ZYYG,ZYYG,,,,,,,,
ACIDMAN,ACIDMAN,3u4bgD38Pl2rEkoJhFLW92,,,,,,,
ガンマ・レイ,Gamma Ray,6LZE884lDIsCSLHuTplfGp,,,,,,,
アット・ザ・ゲイツ,At the Gates,,,,,,,,
THE BLUE HEARTS,THE BLUE HEARTS,5b1NQwr0WpJwTrTRmHfjZw,,,,,,,
マザーズ・オブ・インヴェンション,Mothers of Invention,,,,,,,,
山崎まさよし,Masayoshi Yamazaki,6gvedX0HcRQYMD5IhY8KKt,,,,,,,
河口恭吾,Kyogo Kawaguchi,2aoKOZCueumx57nqqOsjd2,,,,,,,
サカナクション,Sakanaction,0hCWVMGGQnRVfDgmhwLIxq,,,,,,,
ディサルモニア・ムンディ,Disarmonia Mundi,,,,,,,,
THE GOOD-BYE,THE GOOD-BYE,2tZR9hVz2yoMNAAvS1QwZ3,,,,,,,
ゼブラヘッド,Zebra Head,,,,,,,,
ザ・ダークネス,The Darkness,5r1bdqzhgRoHC3YcCV6N5a,,,,,,,
orange pekoe,orange pekoe,0C9HwsaagMBxCdG43F9A0l,,,,,,,
KISS,KISS,07XSN3sPlIlB2L2XNcTwJw,,,,,,,
ブラック・サバス,Black Sabbath,5M52tdBnJaKSvOpJGz8mfZ,,,,,,,
ヴォイジャー,Voyager,,,,,,,,
ザ・テンプターズ,The Tempters,6eo9hIDHK3zCGer1LXBHUr,,,,,,,
関ジャニ∞,Kanjani ∞,,,,,,,,
THE HIGH-LOWS,THE HIGH-LOWS,,,,,,,,
Poppin'Party,Poppin'Party,2XzrQN7hxZibYdVEbl0nO6,,,,,,,
オフコース,Off,,,,,,,,
flumpool,flumpool,5Kpt1mryjiwHa9goYPQG1o,,,,,,,
レベッカ,Rebecca,1GAdsh4MkpcBMk9BxJmGZ1,,,,,,,
愛奴,Ainu,,,,,,,,
すかんち,Sukanchi,,,,,,,,
ウェザー・リポート,Weather Report,162DCkd8aDKwvjBb74Gu8b,,,,,,,
イモータル,Immortal,,,,,,,,
ヴァニラ・ファッジ,Vanilla Fudge,0vIMq3W8V63uR4Ymgm2pF1,,,,,,,
エマーソン・レイク・アンド・パーマー,Emerson Lake & Palmer,,,,,,,,
ボブ・マーリー&ザ・ウェイラーズ,Bob Marley and the Wailers,,,,,,,,
the GazettE,the GazettE,4gRFSxjAcJkb54BDjqo7Bc,,,,,,,
ウィンターサン,Winter Sun,,,,,,,,
STANCE PUNKS,STANCE PUNKS,5Grq5bIeD9Vw6JyBiobSdA,,,,,,,
KOHL,KOHL,53TsUmdKchlF63fkt4mwQp,,,,,,,
はちみつぱい,Honey pai,,,,,,,,
Kill=slayd,Kill=slayd,,,,,,,,
ザ・ドリフターズ,ザ・ドリフターズ,3o8nG2g5qYuVRP5PFPx115,,,,,,,
MR.ORANGE,MR. ORANGE,,,,,,,,
ツヅリ・ヅクリ,Tsuzuri Zukuri,,,,,,,,
RIZE,RIZE,1D10udzZNciI0MHLFD2i5F,,,,,,,
MALICE MIZER,MALICE MIZER,,,,,,,,
9mm Parabellum Bullet,9mm Parabellum Bullet,3v0nHmnUcf9GAhjQOTctQu,,,,,,,
グラスバレー,Grass Valley,5tllhASuLi4pMZDIgafruV,,,,,,,
GRAPEVINE,GRAPEVINE,0iAHl50h7i09I4lRZIun5Y,,,,,,,
カーペンターズ,Carpenters,1eEfMU2AhEo7XnKgL7c304,,,,,,,
川口千里,Senri Kawaguchi,3Nxp13gGTys81Mpl041vJe,,,,,,,
ユニコーン,unicorn,0z4FY376uhecutd5Adph8s,,,,,,,
Sound Schedule,Sound Schedule,6HORUWB9z2qb1Bm0q510Ww,,,,,,,
Whiteberry,Whiteberry,5ty4dJb6SxjSg0dI6rdmij,,,,,,,
椎名林檎,Sheena Ringo,2XjqKvB2Xz9IdyjWPIHaXi,,,,,,,
ドゥービー・ブラザーズ,The Doobie Brothers,39T6qqI0jDtSWWioX8eGJz,,,,,,,
ザ・フー,The Who,67ea9eGLXYMsO2eYQRui3w,,,,,,,
キャプテンストライダム,Captain Strydom,1kiShRZTn0LtrsSim2GX1i,,,,,,,
THE YELLOW MONKEY,THE YELLOW MONKEY,1xCdTZ5Wu70H6YwsmpgmHg,,,,,,,
D'ERLANGER,D'ERLANGER,0nYrpm7D3gcQEcP7i84ABO,,,,,,,
ジャックス,Jacks,,,,,,,,
ORANGE RANGE,ORANGE RANGE,4upiYMjsFfLRieGo8RVRzD,,,,,,,
プリズム,prism,0krucsLM067klnGihdUZ3m,,,,,,,
叫ぶ詩人の会,sakebu shizin no kai,,,,,,,,
EARTHSHAKER,EARTHSHAKER,2uMEWBk2NKYRfi4RNKVZda,,,,,,,
The Birthday,The Birthday,58zME34zPsQx58YXCyFryH,,,,,,,
トリックス,Trix,6bQlQn3QZhhTtcO4TG9lkE,,,,,,,
SCREAMING SOUL HILL,SCREAMING SOUL HILL,,,,,,,,
ジェームスブラウン,James brown,7GaxyUddsPok8BuhxN6OUW,,,,,,,
PAMELAH,PAMELAH,,,,,,,,
ザ・ファーム,The Farm,3lN1TG4RIoaJCff6Ck9KUR,,,,,,,
マグマ,magma,,,,,,,,
スタッフ,staff,,,,,,,,
New Cinema 蜥蜴,New Cinema 蜥蜴,,,,,,,,
沢田研二,Kenji Sawada,4ODvJoXQmuckB89qwmCzTd,,,,,,,
グレゴリー・ハッチンソン,Gregory Hutchinson,,,,,,,,
flow-war,flow-war,,,,,,,,
10cc,10cc,6i6WlGzQtXtz7GcC5H5st5,,,,,,,
KANA-BOON,KANA-BOON,3PWp9R5HvbQgxI5KBx5kVd,,,,,,,
クリープハイプ,Creep Hype,6POfB0fHdzXFLWL3RHxLv8,,,,,,,
LOVE BELL BACK LINE,LOVE BELL BACK LINE,,,,,,,,
10-FEET,10-FEET,0QZqdhoRQkn1VphAa5eX8h,,,,,,,
レインボウ,Rainbow,7xDyxRXgFgOZhdtLtkYR1y,,,,,,,
Skoop On Somebody,Skoop On Somebody,0h4DzoOz1OlX7uJ8itsBIw,,,,,,,
ハートバザール,Heart Bazaar,,,,,,,,
FIELD OF VIEW,FIELD OF VIEW,77F2OeJqiPVTeAwBeu2gxG,,,,,,,
JUN SKY WALKER(S,JUN SKY WALKER(S,,,,,,,,
リンドバーグ,Lindbergh,,,,,,,,
GO-BANG'S,GO-BANG'S,1xkvgdDHqUvqZ8Ffds9tPt,,,,,,,
TOTO,TOTO,0umwTJ34u170h5L8eruN3f,,,,,,,
AC/DC,AC/DC,2YJ34sSM7T2CEYnjhfSlL9,,,,,,,
tacica,tacica,6iglpAqZTAmvm0ffNKlaFS,,,,,,,
スピッツ,Spitz,5kjGRHClVacSyllOUqU1S0,,,,,,,
L'Arc〜en〜Ciel,L'Arc-en-Ciel,6jTjjAjvYvMYfaqi837p5x,,,,,,,
Dragon Ash,Dragon Ash,6TD2JHhQtji2AoV8s2eQ15,,,,,,,
LUNKHEAD,LUNKHEAD,1haOQ3z2Qr7IyTDgrv6PiM,,,,,,,
カシオペア,Cassiopeia,6oPbrLCYcJoFZJbuPFjXsf,,,,,,,
HELDEN TUM,HELDEN TUM,,,,,,,,
Pay money To my Pain,Pay money To my Pain,07BBdQ03C1t2EPSQ7AeAJw,,,,,,,
HIGH and MIGHTY COLOR,HIGH and MIGHTY COLOR,68vPeaQOlnY1aA3iBKCEpG,,,,,,,
indigo la End,indigo la End,26ZBeXl5Gqr3TAv2itmyCU,,,,,,,
KENZI&THE TRIPS,KENZI&THE TRIPS,,,,,,,,
サザーランド,Sutherland,,,,,,,,
aiko,aiko,59SThek9uTINSehGNcgmsi,,,,,,,
THE POWERNUDE,THE POWERNUDE,,,,,,,,
ウルフルズ,Ulfuls ,6e9Wgn2800cCQcM0b4cNwt,,,,,,,
ランナウェイズ,Runaways,,,,,,,,
AJICO,AJICO,1F6WT6I5BMsRTWTS4r92wY,,,,,,,
ベニー・グッドマン楽団,Benny Goodman Orchestra,,,,,,,,
ストラングラーズ,The Stranglers,0RUEHcBiENFEqxgicqS2ig,,,,,,,
コズモスクアッド,Kozmos Mosque Addo,,,,,,,,
クレイトン＝ハミルトン・ジャズ・オーケストラ,Clayton = Hamilton Jazz Orchestra,,,,,,,,
かかし,scarecrow,,,,,,,,
ステレオポニー,Stereopony,35VNJ4BFDvs9XkLf6ghUi6,,,,,,,
松田聖子,Seiko Matsuda,3E5NLQpQbd0eJ18XO9zC0h,,,,,,,
ジミー・エバンス & ヒズ・オーケストラ,Jimmy Evans and His Orchestra,,,,,,,,
聖飢魔II,Holy Famine II,3xl8koA4X7WDnRYSmjYeDa,,,,,,,
ディム・ボルギル,Dim Borgir,,,,,,,,
ジャッキー吉川とブルーコメッツ,Jackie Yoshikawa and the Blue Comets,,,,,,,,
Janne Da Arc,Janne Da Arc,17OoiwOfChkOVxbqaLzB1W,,,,,,,
SIAM SHADE,SIAM SHADE,0CvWmx0ZwvjimskCJvUjXb,,,,,,,
エアロスミス,Aerosmith,7Ey4PD4MYsKc5I2dolUwbH,,,,,,,
ナイル,Nile,3v3VSKylQE69ztn5TUVlFE,,,,,,,
BIGMAMA,BIGMAMA,1hLhr1vN1iKGMb0B0MTN6k,,,,,,,
[Alexandros],Alexandros,1luOe8HkZQ7zwuaO2wuJqI,,,,,,,
ピンククラウド,Pink Cloud,0GRU2oKmoOZ1V3Rafrsigy,,,,,,,
ジャボ,jabot,,,,,,,,
コロシアム,coliseum,,,,,,,,
レッド・ツェッペリン,Led Zeppelin,36QJpDe2go2KgaRleHCDTp,,,,,,,
トータス,Tortoise,7vZFYFHYdUTSLR3jNBYDqd,,,,,,,
ロッテンハッツ,Rotten Huts,,,,,,,,
レミオロメン,Remioromen,4Yz1LjHwgQ5DFWJrZL8bC8,,,,,,,
マリリン・マンソン,Marilyn Manson,2VYQTNDsvvKN9wmU5W7xpj,,,,,,,
クリーム,cream,7j6necEPY4TApEMUs9xJgh,,,,,,,
UVERworld,UVERworld,6m14xgA0m3w92UM7ujJgky,,,,,,,
LUNA SEA,LUNA SEA,2VezRW4SoO6lmhJJZf3neZ,,,,,,,
Dir en grey,Dir en grey,3kNqzLmW33fQIfmZ1OfqMA,,,,,,,
シネマ,cinema,,,,,,,,
Mr.Children,Mr.Children,0tG4mmYsbq7VqiHvjrInIQ,,,,,,,
ディーサイド,Deeside,,,,,,,,
ジャパン,Japan,7vPXrGlSGukcwpaPxUfKKR,,,,,,,
アベレイジ・ホワイト・バンド,Average White Band,,,,,,,,
スライ&ロビー,Sly & Robbie,6jJG408jz8VayohX86nuTt,,,,,,,
3,3,,,,,,,,
GO!GO!7188,GO! GO!7188,66ngkg99OYT8xfzYy660Wu,,,,,,,
メガデス,Megadeth,1Yox196W7bzVNZI7RBaPnf,,,,,,,
Non Stop Rabbit,Non Stop Rabbit,3BI27TxQPk2BVbiThvj1EV,,,,,,,
ガガガSP,Gagaga SP,1i2ol7SBMNLazfzSZKRGwM,,,,,,,
KUMACHI,KUMACHI,,,,,,,,
CHARCOAL FILTER,CHARCOAL FILTER,5r4JQc0P83gyucT6GHrBsb,,,,,,,
チャットモンチー,Chatmonchy,0GtBUVp1cWdIUKwm2GHTHc,,,,,,,
PEALOUT,PEALOUT,2KZWPyw2W6FgiJTN1nd3e4,,,,,,,
ELLEGARDEN,ELLEGARDEN,3cbd5GWGOknxmFAe77MDbk,,,,,,,
BOØWY,BOØWY,0pr3ep0knQaPHEZ2X8niA0,,,,,,,
サディスティック・ミカ・バンド,Sadistic Mika Band,6bWSnJc8nVJQv7HQ68WKe0,,,,,,,
X-RAY,X-RAY,0oZicDbeRKtSvTCmvBNaEF,,,,,,,
BLUE ENCOUNT,BLUE ENCOUNT,1CWmF1EcrKoWIbZt9Ivfg2,,,,,,,
PIERROT,PIERROT,5fu54cNjFSeEFjbhSATbsQ,,,,,,,
SUPERCAR,SUPERCAR,3qjwf7kxlE0Wftbme4ijZa,,,,,,,
Aqua Timez,Aqua Timez,2XhA8BOHxO5NwbY6q3W8mD,,,,,,,
MONKEY MAJIK,MONKEY MAJIK,6U2dgcU46Iy9pF3RQBj5hG,,,,,,,
井上堯之,Takeyuki Inoue,,,,,,,,
安全地帯,Anzenchitai,3EAqVJtaxnPcWYlHXkHcuC,,,,,,,
B'z,B'z,7i9bNUSGORP5MIgrii3cJc,,,,,,,
YOUR SONG IS GOOD,YOUR SONG IS GOOD,4Yt6N4u5vIpjRhT2O7zsLk,,,,,,,
アンダーグラフ,Undergraph,2Ox7XO5C0tbbk9pfZVDGA1,,,,,,,
ザ・スパイダース,The Spiders,,,,,,,,
シカゴ,Chicago,3iDD7bnsjL9J4fO298r0L0,,,,,,,
ニッケルバック,Nickelback,6deZN1bslXzeGvOLaLMOIF,,,,,,,
アーチ・エネミー,Arch Enemy,0DCw6lHkzh9t7f8Hb4Z0Sx,,,,,,,
100s,100s,3mukrGlwJq0up6yFVfhc90,,,,,,,
晴晴゛,Clear weather,,,,,,,,
エンペラー,Emperor,6jPWrSmxOd9mj7Xaj4EP2Y,,,,,,,
エッジ・オブ・サニティ,Edge of Sanity,,,,,,,,
ザ・ハプニングス・フォー,The Happenings Four,,,,,,,,
ローリング・ストーンズ,The Rolling Stones,22bE4uQ6baNwSHPVcDxLCe,,,,,,,
Red Hot Chili Peppers,Red Hot Chili Peppers,0L8ExT028jH3ddEcZwqJJ5,,,,,,,
HI-STANDARD,HI-STANDARD,5bqCpmhZzNzRzzKSbbDkeH,,,,,,,
SHOW-YA,SHOW-YA,1GLStwjGJcUvkHGeCVgBEp,,,,,,,
鶴田加奈子,Kanako Tsuruta,,,,,,,,
平原綾香,Ayaka Hirahara,0AzJGufY9eXWy5wHZWQ71H,,,,,,,
ボン・ジョヴィ,Bon Jovi,58lV9VcRSjABbAbfWS6skp,,,,,,,
デイブウェックル,Dave Weckl,6h0KtnUiBpkxxjvZZPvNSw,,,,,,,
ニルヴァーナ,Nirvana,424VCRr8HdYc1YqRfLWRs6,,,,,,,
スレイヤー,slayer,1IQ2e1buppatiN1bxUVkrk,,,,,,,
Tower of Power,Tower of Power,0JCxGVxsISZzJHJPUOtceB,,,,,,,
デニスチェンバース,Dennis Chambers,5tdGXBxRVers4lWxUqRMzn,,,,,,,
テリーボジオ,Terry Bosio,,,,,,,,
チェッカーズ,checkers,,,,,,,,
THE BOOM,THE BOOM,3rj96ybf29aaJsJRg4Qci2,,,,,,,
クーラロビトス,Coolarobitos,,,,,,,,
アルカナ,Arcana,6Sg58d7sgc9hzMxXyQZgBs,,,,,,,
トーマスラング,Thomas Lang,1aqcUnkaeHS7RlEjCyjBlN,,,,,,,
オジー・オズボーン,Ozzy Osbourne,6ZLTlhejhndI4Rh53vYhrY,,,,,,,
ジョーン・ジェット&ザ・ブラックハーツ,Joan Jett and the Blackhearts,,,,,,,,
モトリー・クルー,Mötley Crüe,0cc6vw3VN8YlIcvr1v7tBL,,,,,,,
プリンセス・プリンセス,Princess Princess,2fpbR8VQWHUivTaeLTR5MJ,,,,,,,
ONE OK ROCK,ONE OK ROCK,7k73EtZwoPs516ZxE72KsO,,,,,,,
Laputa,Laputa,4CT7g1XHu8zT5joH24ACz7,,,,,,,
ブリンク182,Blink182,,,,,,,,
グリーン・デイ,Green Day,7oPftvlwr6VrsViSDV7fJY,,,,,,,
イーグルス,Eagles,0ECwFtbIWEVNwjlrfc6xoL,,,,,,,
サクソン,Saxon,71vVmHeNgCVSa5SVmfvscU,,,,,,,
デミセミクエーバー,Demisemi Quaver,,,,,,,,
GRANRODEO,GRANRODEO,1laLY39TrNsz40f5nPHPK1,,,,,,,
GLAY,GLAY,00AFbqxvdDK6T1D6MQZ9c1,,,,,,,
Syrup16g,Syrup16g,0nwTdEUuG7c1M3kR9CIIxm,,,,,,,
Sunflower's Garden,Sunflower's Garden,7fFQwu7UTUXv0862uKlNn1,,,,,,,
ザ・スターリン,The Stalin,5TKNYhMlkJGhKIHPRjqFhb,,,,,,,
STRAIGHTENER,Straightener,4q5fHrf0Q0R6imQ3etjXEG,,,,,,,
マキシマムザホルモン,Maximum The Hormone,3AMut7lAb1JjINkn8Fmkhu,,,,,,,
RCサクセション,RC Succession,1wpwIk5yi1Oy6zjjzF7ntw,,,,,,,
ラッシュ,rush,2Hkut4rAAyrQxRdof7FVJq,,,,,,,
アイアン・メイデン,Iron Maiden,6mdiAmATAx73kdxrNrnlao,,,,,,,
ピンク・フロイド,Pink Floyd,0k17h0D3J5VfsdmQ1iZtE9,,,,,,,
にゃんごスター,Nyango Star,,,,,,,,
大塚愛,Ai Otsuka,0q7KOr99MYmwKxivChxpSd,,,,,,,
GRiP,GRiP,1ZVIQQH0GkANhbntdpdAJu,,,,,,,
シュガー・ベイブ,Sugar Babe,,,,,,,,
T-SQUARE,T-SQUARE,7BwOjwl5mKpGVIvzvqEcie,,,,,,,
THE ALFEE,THE ALFEE,04bitarCLkcC3GVESLDZgY,,,,,,,
東京事変,Tokyo Incidents,6KQWWzFLPQbqomJrieHAW5,,,,,,,
MR. BIG,MR. BIG,3TP1BBAQuc7U4eAbQKNL0L,,,,,,,
キングクリムゾン,King crimson,,,,,,,,
バディリッチ,Buddy Rich,1pVtwG5Up1OZOEpSHJ4AAs,,,,,,,
ハナ肇とクレージーキャッツ,Hajime Hana and the Crazy Cats,,,,,,,,
ティン・パン・アレー,Tin Pan Alley,,,,,,,,
NORTHERN BRIGHT,NORTHERN BRIGHT,0ryzMsl6DXyNSbzxpjAOIU,,,,,,,
ナニワエキスプレス,Naniwa Express,7A5C2jFwT0lxjAYMsHDh3r,,,,,,,
ダーケイン,Darkane,3K43KRzvjn3z36mHpBYSVb,,,,,,,
キッス,kiss,,,,,,,,
ペイン,Pane,,,,,,,,
モービッド・エンジェル,Morbid Angel,35jmO5o3AhUV70kiR7u4Nw,,,,,,,
ビートルズ,the Beatles,3WrFJ7ztbogyGnTHbHJFl2,,,,,,,
凛として時雨,Ling tosite sigure,00DuPiLri3mNomvvM3nZvU,,,,,,,
ゴング,gong,47yvARr7dCOKqvjDVwfbf3,,,,,,,
シエナ・ウインド・オーケストラ,Siena Wind Orchestra,5Djv2wsV90EoXdokJeAeiV,,,,,,,
クリエイション,Creation,,,,,,,,
LOUDNESS,LOUDNESS,7dT9zQuxaRTBlKE0SABfgA,,,,,,,
ArmeriA,ArmeriA,7DpVxlTxX8nuPIcQYhHeqA,,,,,,,
Kemuri,Kemuri,33YBxd5v2YD4Oa0vnSKp9d,,,,,,,
イエス,Jesus,,,,,,,,
ミニストリー,Ministry,1DXylZlWbVvlckNqwvjTEt,,,,,,,
クレイジーケンバンド,Crazy Ken Band,5kIOu0jisbh3SI7gT6rgq2,,,,,,,
CASCADE,CASCADE,5ZRank3VJP8HCKZNiYsMSJ,,,,,,,
爆風スランプ,Bakufu Slump,38S2jSY9Fr0AcZZWMrKuqC,,,,,,,
ジェネシス,Genesis,3CkvROUTQ6nRi9yQOcsB50,,,,,,,
世良公則&ツイスト,Kiminori Sera & Twist,,,,,,,,
シン・リジィ,Thin Lizzy,6biWAmrHyiMkX49LkycGqQ,,,,,,,
シャドウズ,Shadows,0VyVlaKyEJ2NFJnxxYgyt3,,,,,,,
アルティ・エ・メスティエリ,Arti e Mestieri,,,,,,,,
サテリコン,Satyricon,,,,,,,,
RED DIAMOND DOGS,RED DIAMOND DOGS,56L69pTRrbMIVQoO9wbaS9,,,,,,,
ザ・ムーブ,The Move,,,,,,,,
セックス・ピストルズ,Sex Pistols,1u7kkVrr14iBvrpYnZILJR,,,,,,,
ゲスの極み乙女。,Gesu No Kiwami Otome,1ieluXFoq2RRxMXZIQksTz,,,,,,,
Base Ball Bear,Base Ball Bear,3RkPaFeTMrHIsB5HMEUdNt,,,,,,,
ANTHEM,ANTHEM,67BObUWOkPPGftw3ITCHXH,,,,,,,
SHAKALABBITS,SHAKALABBITS,1ibfTwhFGhVZWjOoIevFOQ,,,,,,,
ドリーム・シアター,Dream Theater,2aaLAng2L2aWD2FClzwiep,,,,,,,
サンタナ,Santana,6GI52t8N5F02MxU0g5U69P,,,,,,,
シャ乱Q,Sharam Q,,,,,,,,
ザ・ティアーズ,The Tears,,,,,,,,
NATSUMEN,NATSUMEN,,,,,,,,
BUMP OF CHICKEN,BUMP OF CHICKEN,0hSFeqPehe7FtCNWuQ6Bsy,,,,,,,
コブクロ,Kobukuro,0llYwFIMgF9Jzmp4ZY7wbr,,,,,,,
TOKIO,TOKIO,6RxofKE27Ug1Dz85ccwzGE,,,,,,,
THE BACK HORN,THE BACK HORN,34d8V2nUwp937CmL9pQ6xV,,,,,,,
サザンオールスターズ,Southern All Stars,6HqHB2AFBXUQHQFN026oYP,,,,,,,
甲斐バンド,Kai Band,4monxaihAuYJfK2CxJdtoY,,,,,,,
パール兄弟,Pearl brothers,22obBtOBpBblW2TtecCFT7,,,,,,,
はっぴいえんど,Happi Endo,,,,,,,,
TUBE,TUBE,6T3PRTgWbUSz63kQBeGwjk,,,,,,,
インソムニウム,Insomnia,,,,,,,,
モーターヘッド,Motorhead,,,,,,,,
ZONE,ZONE,5kYS7bPX5tm3jrsYqqNSZN,,,,,,,
ZARD,ZARD,7tae8L1M4t0D7m37T6HTd1,,,,,,,
デッドエンド,Dead-end,,,,,,,,
有頂天,ecstasy,,,,,,,,
RAZZ MA TAZZ,RAZZ MA TAZZ,5rkiJ5rY6tP8jBllTfRKJ4,,,,,,,
ザ・ジャガーズ,The Jaguars,,,,,,,,
THE MAD CAPSULE MARKETS,THE MAD CAPSULE MARKETS,4cUPXIFWrfVo8xmU1nHy0q,,,,,,,
ORIGINAL LOVE,ORIGINAL LOVE,76QaFuQNldIJkAkDmaMAck,,,,,,,
インビシブルマンズデスベッド,Invisible Man's Deathbed,,,,,,,,
44MAGNUM,44MAGNUM,5wPmHOSGmwIiyJiHr64Ev6,,,,,,,
rumania montevideo,rumania montevideo,,,,,,,,
矢沢永吉,Eikichi Yazawa,6r4KqrquvtAy0fcJUU2VGB,,,,,,,
SADS,SADS,2V7lcLzRCVPefcpLYf2vpq,,,,,,,
GOING STEADY,GOING STEADY,7EyYmxeTBOeaZ09aaAAtCE,,,,,,,
スキマスイッチ,Sukima Switch,0wRzWf3I4lUl9hdFF5uL0m,,,,,,,
赤い鳥,Red bird,,,,,,,,
ネイティブ・サン,Native Sun,,,,,,,,
SORAMIMI,SORAMIMI,0QOBBV5UCY2VbKCMoEx2kl,,,,,,,
ザ・JBズ,The JBs,,,,,,,,
ベンチャーズ,Ventures,,,,,,,,
ヴェルヴェット・アンダーグラウンド,Velvet Underground,,,,,,,,
フィッシュマンズ,Fishmans,1g8HCTiMwBtFtpRR9JXAZR,,,,,,,
DNA,DNA,2rGm8R7YDTbqDCVlNssQyL,,,,,,,
くるり,Kururi,26WuprsX7JRG69T0PXkze4,,,,,,,
パスピエ,Paspié,,,,,,,,
BUCK-TICK,BUCK-TICK,2DiecQcRbDuSJuSPKtirrX,,,,,,,
KEYTALK,KEYTALK,0nES8AwBZpeQ69oZZp47OL,,,,,,,
カン,Can,,,,,,,,
チルドレン・オブ・ボドム,Children of Bodom,1xUhNgw4eJDZfvumIpcz1B,,,,,,,
ディヴァインファイア,Divine Fire,,,,,,,,
Cymbals,Cymbals,7zuW03eIsg1KlpvXN0wMBB,,,,,,,
カーネーション,carnation,5NvPLoJWfBHkEvTsiwmEog,,,,,,,
RADWIMPS,RADWIMPS,1EowJ1WwkMzkCkRomFhui7,,,,,,,
FEEL SO BAD,FEEL SO BAD,,,,,,,,
シュノーケル,snorkel,,,,,,,,
FENCE OF DEFENSE,FENCE OF DEFENSE,6iGUDrvbELISEYrhDxSLGr,,,,,,,
Mrs. GREEN APPLE,Mrs. GREEN APPLE,4QvgGvpgzgyUOo8Yp8LDm9,,,,,,,
メイヘム,Mayhem,0dR10i73opHXuRuLbgxltM,,,,,,,
エンシフェルム,Ensiferum,0krXCIkthz13P8o0v2tksH,,,,,,,
シド,Sid,24b231EnCM3BkpiuWs5VBE,,,,,,,
ZI:KILL,ZI:KILL,,,,,,,,
175R,175R,40y1P1mpPSpiRxL5LDv6aI,,,,,,,
X JAPAN,X JAPAN,0It3ev1uunuPxT8qtdkQKH,,,,,,,
ルインズ,Ruins,,,,,,,,
TRICERATOPS,TRICERATOPS,6CanmQ9zX17x2pJhDkAHmX,,,,,,,
モダンチョキチョキズ,Modern Chokichokizu,,,,,,,,
メタリカ,Metallica,2ye2Wgw4gimLv2eAKyk1NB,,,,,,,
ザ・バンド,The Band,4vpDg7Y7fU982Ds30zawDA,,,,,,,
イエロージャケッツ,Yellow Jackets,,,,,,,,
スティーリー・ダン,Steely Dan,6P7H3ai06vU1sGvdpBwDmE,,,,,,,
リトル・フィート,Little Feats,,,,,,,,
Scandal,Scandal,7hTZwqQILVH4bAbN67CeEz,,,,,,,
C-C-B,C-C-B,3pOrCCIir0VlbMa8DFF04S,,,,,,,
ナイトメア,Nightmare,11CxpTfZC60MYKjL7HESKR,,,,,,,
ザ・ストーン・ローゼズ,The Stone Roses,1lYT0A0LV5DUfxr6doRP3d,,,,,,,
トウェニーー・ナイン　,Tweny Nine　,,,,,,,,
La'cryma Christi,La'cryma Christi,,,,,,,,
クイーン,queen,1dfeR4HaWDbWqFHLkxsg1d,,,,,,,
フェイム・スタジオ,Fame Studio,,,,,,,,
エヴァネッセンス,Evanescence,5nGIFgo0shDenQYSE0Sn7c,,,,,,,
ソフト・マシーン,Soft Machines,,,,,,,,
ストラトヴァリウス,Stratovarius,1O8CSXsPwEqxcoBE360PPO,,,,,,,
タワー・オブ・パワー,Tower of Power,0JCxGVxsISZzJHJPUOtceB,,,,,,,
藍坊主,aobozu,3LVkOYKVMTJGOY1vuYh6He,,,,,,,
HEMIS,HEMIS,1RhWIv8wDWVmrhhvxTirfb,,,,,,,
back number,back number,31hSEh1wIoaM5SqW0JpsaF,,,,,,,
ずっと真夜中でいいのに。,ZUTOMAYO,38WbKH6oKAZskBhqDFA8Uj,,,,,,,
ザ・ゴールデン・カップス,The Golden Cups,1ugjd9v0PsqxOuoni63PCC,,,,,,,
ZAZENBOYS,ZAZENBOYS,,,,,,,,
スガシカオ,Sugashikao,3sddhwNhGabYSvzYKhB7qj,,,,,,,
スタックス,Stax,,,,,,,,
ハンマーフォール,Hammerfall,2o18h28enlHxj887tATc58,,,,,,,
ロキシー・ミュージック,Roxy Music,3fhOTtm0LBJ3Ojn4hIljLo,,,,,,,
グリーンスレイド,Green Slade,,,,,,,,
JUDY AND MARY,JUDY AND MARY,7unNuvk3OEqGmegHTaxRA9,,,,,,,
JUDE,JUDE,2MDmUotTuj1eOT7e8GdpZN,,,,,,,
森下玲可,Reika Morishita,,,,,,,,
オールウェイズ,Always,,,,,,,,
グッドラックヘイワ,Good Luck Heiwa,1LiYV218GmQZJJydFwK8UQ,,,,,,,
中村佳穂,Kaho Nakamura,,,,,,,,
YUI,YUI,0r2iitlIO7Ogaxqy1DErUg,,,,,,,
BROADWAY,BROADWAY,5hYrxwCV9VYCJsQcHp82MF,,,,,,,
ピカデリー・サーカス,Piccadilly Circus,,,,,,,,
スティング,sting,0Ty63ceoRnnJKVEYP0VQpk,,,,,,,
DEEN,DEEN,0px5yhDl6K2LDcA5MPwyUV,,,,,,,
パラダイス・ロスト,Paradise Lost,0gIo6kGl4KsCeIbqtZVHYp,,,,,,,
ジェファーソン・スターシップ,Jefferson Starship,3HC7NcxQx2Yk0fWoRKJ0xF,,,,,,,
渡辺美里,Misato Watanabe,3ySOHOGVeGm9qQuEmWDa1k,,,,,,,
PYG,PYG,65ydUj4y6pgSBoBurARRjU,,,,,,,
SELKIE,SELKIE,7jctC5VsToLEKs5tk1GNOZ,,,,,,,
A.B.C,A.B.C,7LN7dn1RmMXFfL7w7OaIvD,,,,,,,
DON'T LOOK BACK,DON'T LOOK BACK,5W4xDaeK3hRdxZCo60wSFE,,,,,,,
スペクトラム,spectrum,4iKc9dfbcUzxOL6S31zjXF,,,,,,,
ポルノグラフィティ,PornoGraffitti,5jQa0f5MIMPEK7udL7UpI6,,,,,,,
エイジア,Asia,1bdytLV3FPjyhfrb6BhMej,,,,,,,
スワロー・ザ・サン,Swallow the Sun,0ulKlNlo0iPx5ZS6VMTHWQ,,,,,,,
KELUN,KELUN,1hdqR8T4Ea4LJaB3cx7gst,,,,,,,
ムーンライダーズ,Moon Riders,,,,,,,,
The 3peace,The 3peace,,,,,,,,
ももいろクローバーZ,Momoiro Clover Z,3Zl0EsuYV23OgNw6WqGelN,,,,,,,
VANILLA,VANILLA,2lMz51T8m1pnrLZti7fjPx,,,,,,,
星野源,Gen Hoshino,1S2S00lgLYLGHWA44qGEUs,,,,,,,
CRAZE,CRAZE,49nXd5nvQveDWbdOPxaEeX,,,,,,,
KCB,KCB,1PDquhecVu03Va8FTwnZgC,,,,,,,
Far East Club Band,Far East Club Band,,,,,,,,
thee michelle gun elephant,thee michelle gun elephant,2DBcgbvakjiv4Yi9bRyjVX,,,,,,,
AIR,AIR,1P6U1dCeHxPui5pIrGmndZ,,,,,,,
JB's,JB's,,,,,,,,
三枝夕夏 IN db,Yuka Saegusa IN db,2k9nOeULgisWglpXZs1JXt,,,,,,,
ゴドレイ&クレーム,Godley & Creme,02zGgCB9SiSPeDYMfwPJXK,,,,,,,
PE'Z,PE'Z,52uuAX0XAdhMmLLpaSaOig,,,,,,,
はやぶさジョーンズ,Hayabusa Jones,,,,,,,,
POTSHOT,POTSHOT,1lySU8uoUaXKW1CbqWbWWx,,,,,,,
ディオ,Dio,4CYeVo5iZbtYGBN4Isc3n6,,,,,,,
ZIGZO,ZIGZO,38agPCfNPeLJe3UQa3oG4H,,,,,,,
ART-SCHOOL,ART-SCHOOL,53qmbfZrKa81AKLdojnxBT,,,,,,,
The BONEZ,The BONEZ,4YxoxjA4x3YukLHeNNgJqQ,,,,,,,
the pillows,the pillows,6ilYV5oF8whllOnm4VZlYR,,,,,,,
阿部真央,Mao Abe,5ajce5LoM5SK6a6zzyF4My,,,,,,,
オアシス,oasis,2DaxqgrOhkeH0fpeiQq2f4,,,,,,,
ゆらゆら帝国,Yura Yura Teikoku ,,,,,,,,
Draft King,Draft King,0b2U2PfExpogMkcSFcEM37,,,,,,,
吉田拓郎,Takuro Yoshida,7uv8wNS8ConwlmWKpP8Lz7,,,,,,,
ドンキーカルテット,Donkey Quartet,,,,,,,,
BULL ZEICHEN 88,BULL ZEICHEN 88,7vkbvuo49YpEQ9PZu3zBmd,,,,,,,
ザ・シー・アンド・ケイク,The Sea and Cake,,,,,,,,
ジンサク,Jinsak,,,,,,,,
ロブ・ゾンビ,Rob Zombie,3HVdAiMNjYrQIKlOGxoGh5,,,,,,,
la la larks,la la larks,5JPztZ2LqAwdoMu2vQFrAQ,,,,,,,
ソイルワーク他,"Soilwork, etc.",,,,,,,,
イエロー・マジック・オーケストラ,Yellow Magic Orchestra,2JIf5JxI3ypOSfrfNIIMQE,,,,,,,
Angelo,Angelo,,,,,,,,
大野克夫バンド,Katsuo Ohno Band,,,,,,,,
甲斐よしひろ,Yoshihiro Kai,0VywrP4UZb1lUV26vaOk3u,,,,,,,
宮本浩次,Koji Miyamoto,,,,,,,,
ザイクロン,Zycron,,,,,,,,
ブラッドバス,Blood Bath,,,,,,,,
CO-CóLO,CO-CóLO,,,,,,,,
鶴ヶ屋,Tsurugaya,,,,,,,,
平井堅,Ken Hirai,6jIhEiXcCAyBsuEI7qZ9vc,,,,,,,
グリップ・インク,Grip Ink,,,,,,,,
ホワイトスネイク,Whitesnake,3UbyYnvNIT5DFXU4WgiGpP,,,,,,,
RittZ,RittZ,5sRhscbWRXFbjXtSZyfaWY,,,,,,,
Ark Storm,Ark Storm,,,,,,,,
VOLA&THE ORIENTAL MACHINE,VOLA&THE ORIENTAL MACHINE,,,,,,,,
NICKEY & THE WARRIORS,NICKEY & THE WARRIORS,2xDZrIDSjYDdB9T1qVXGj3,,,,,,,
THE PREDATORS,THE PREDATORS,5K8IPZZCSx9WUTSm6faB8R,,,,,,,
シャクシャイン,Shakushine,,,,,,,,
13CATS,13CATS,,,,,,,,
STRAY PIG VANGUARD,STRAY PIG VANGUARD,,,,,,,,
センチメンタル・シティ・ロマンス,Sentimental City Romance,6ZrfguiRx89kMXIkWJFTgb,,,,,,,
Lisa,Lisa,0blbVefuxOGltDBa00dspv,,,,,,,
Synchronized DNA,Synchronized DNA,,,,,,,,
阿川泰子,Yasuko Agawa,5kk6wMgDfumWGwd0GDvvk2,,,,,,,
井上堯之,Takeyuki Inoue,,,,,,,,
本多俊之ラジオクラブ,Toshiyuki Honda Radio Club,,,,,,,,
テロライザー,Terrorist,,,,,,,,
萩原健一アンドレマルローバンド,Kenichi Hagiwara Andre Mallowband,,,,,,,,
レイジー,Lazy,2jNV5soUOdhzJ6HZ0sF0WT,,,,,,,
JAM Project,JAM Project,0CPdwFVMsHZWpNgKuLaTuU,,,,,,,
ハットフィールド・アンド・ザ・ノース,Hatfield and the North,,,,,,,,
SFN,SFN,22Cy2XBivhkxwBdtxzuzg6,,,,,,,
X.Y.Z.→A,X.Y.Z.→A,7m3Cb0yRKMg2OU3feZUAGE,,,,,,,
ブランドX,Brand X,4DngluvBNHm2Q0rLW1yEqy,,,,,,,
1349,1349,5jCDmA6j7HLXqy79DIjJjI,,,,,,,
エレクトリック・ライト・オーケストラ,Electric Light Orchestra,7jefIIksOi1EazgRTfW2Pk,,,,,,,
マイクロコズム,Microcosm,,,,,,,,
BEAT CRUSADERS,BEAT CRUSADERS,30W3lzQdQnTAtkvJ9Rx21l,,,,,,,
つるの剛士,Vine Tsuyoshi,,,,,,,,
KUWATA BAND,KUWATA BAND,3PJilv6F07BzEjSpkAXoOl,,,,,,,
アイナジエンド,Ainaji Endo,,,,,,,,
筋肉少女帯,Muscle Girl Belt,,,,,,,,
FIRST IMPRESSION,FIRST IMPRESSION,,,,,,,,
hide with Spread Beaver,hide with Spread Beaver,1G3dHtEgFegk2kjWA8gzFu,,,,,,,
斉藤和義,Kazuyoshi Saito,7sl3PZyhzAqUpL3M6WVD8G,,,,,,,
ベッキー♪♯,Becky,5zeStppuiuAdHTVpcH2o9C,,,,,,,
銀杏BOYZ,GING NANG BOYZ,2dP0aHVXt8dDPCw5d2Jw0m,,,,,,,
アンジェラアキ,Angela Aki,7if7UQ2RpiPgIvUkgomgR7,,,,,,,
JAZZ MASTER,JAZZ MASTER,,,,,,,,
INSPION,INSPION,3Dtq4G7NuTIq9njWGoyi28,,,,,,,
サド・ジョーンズ・メル・ルイス楽団,Thad Jones Mel Lewis Orchestra,,,,,,,,
福山雅治,Masaharu Fukuyama,5FGlhIQqewJRV8fx24toG0,,,,,,,
アークチュラス,Arcturus,,,,,,,,
ワルタリ,Waltari,,,,,,,,
DIE IN CRIES,DIE IN CRIES,,,,,,,,
V2,V2,1Q6OA2EIzzmOtogBJBkrEu,,,,,,,
ROVO,ROVO,2qZ6ysNx87m5VqGl58osSf,,,,,,,
RX,RX,,,,,,,,
マシーナ,Massena,,,,,,,,
マッチング・モール,Matching Mall,,,,,,,,
ソリューション .45,Solution .45,,,,,,,,
Ron E Beck,Ron E Beck,5siPBbyrfmyo97ycOkDvEH,,,,,,,
水瀬いのり,Inori Minase,6Aal2uLlwnLAQwSI7apV11,,,,,,,
BEYONDS,BEYONDS,1aAPTkpZTaiEzZRfF16sAl,,,,,,,
Salyu,Salyu,3duTyRHY4PM5vODQr7umLm,,,,,,,
ルースターズ,Roosters,,,,,,,,
Awesome City Club,Awesome City Club,7jGn8qhLb48n7yMMNfAoHv,,,,,,,
エキゾティクス,Exotics,,,,,,,,
ザ・ホーンテッド,The Haunted,,,,,,,,
川本真琴,Makoto Kawamoto,2MF3aPE7iQsg8CtlBmHfjx,,,,,,,
ザ・ホーボーキングバンド,The Hoboking Band,,,,,,,,
THE BIG HIP,THE BIG HIP,7imADEwWzWEytIuSlnvXx7,,,,,,,
ジェット機,jet,,,,,,,,
Do As Infinity,Do As Infinity,2pmixfeJZHEFpUznQSrbDU,,,,,,,
Soma,Soma,,,,,,,,
H ZETTRIO,H ZETTRIO,5Ga4ie7tlXW9Fc6ObLbSCY,,,,,,,
The ピーズ,The Peas,,,,,,,,
モンドグロッソ.,Mondo Grosso.,,,,,,,,
熱帯JAZZ楽団,Tropical Jazz Orchestra,,,,,,,,
Yuka & Chronoship,Yuka & Chronoship,7IZRpII6giUo2WBtybu3tY,,,,,,,
エンスレイヴド,Enslaved,2HmtB6wVRRi3z0JwZHtkiD,,,,,,,
CHARA,CHARA,3LruiiyyHwwPmEofbDSMVH,,,,,,,
BLANKEY JET CITY,BLANKEY JET CITY,,,,,,,,
こまっちゃクレズマ,Komachicha Krezma,,,,,,,,
FAKE?,FAKE?,,,,,,,,
miwa,miwa,3R3WEsfL1WC1zLiz3XG9K5,,,,,,,
SLY,SLY,,,,,,,,
Ayumo&KYC,Ayumo&KYC,,,,,,,,
FLATBACKER,FLATBACKER,7kBu9YDKdtlIw0NhJG2Znd,,,,,,,
高橋ひとみ,Hitomi Takahashi,4oopXh5wIJ8wWdSVcnjoGE,,,,,,,
ZIGGY,ZIGGY,53dxPq75NSfvRAh82l1uUq,,,,,,,
浜崎あゆみ,Ayumi Hamasaki,3Mvc8kRgr8LRYYgvFmlZqn,,,,,,,
森友嵐士,Arashi Moritomo,2RVh82B61I4ueNpxt1fRq0,,,,,,,
森広隆,Hirotaka Mori,5JyOS59OV57la7Y17TrOIm,,,,,,,
globe extreme,globe extreme,,,,,,,,
DATE COURSE PENTAGON ROYAL GARDEN,DATE COURSE PENTAGON ROYAL GARDEN,3CNAr2ZuiI9HmQM0fjBkN1,,,,,,,
CANTA,CANTA,5pb9LxGNtyFkYw0iOYuZzV,,,,,,,
奥井雅美,Masami Okui,,,,,,,,
秦基博,Motohiro Hata,706WzkJEacBrtkHKRpBU2q,,,,,,,
MiChi,MiChi,6R09GKJdeYrjF8zqv9ZbZk,,,,,,,
クレイドル・オブ・フィルス,Cradle of Filth,0NTSMFFapnyZfvmCwzcYPd,,,,,,,
ジャーニー,journey,0rvjqX7ttXeg3mTy8Xscbt,,,,,,,
KenKen of INVADERS,KenKen of INVADERS,,,,,,,,
布袋寅泰,Torayasu Hobukuro,4cShXyYZpvnVZYeE3Oukns,,,,,,,
LOSALIOS,LOSALIOS,,,,,,,,
KIKI BAND,KIKI BAND,47hETOePqutuCjTPU1sy35,,,,,,,
INORAN,INORAN,5dFvLMVEoIynZ2U1MtjFxo,,,,,,,
supercell,supercell,4Mc3zbnQx4wRb0tYg7A8sG,,,,,,,
Happy Aliens,Happy Aliens,6hUfjox2HyX32GzYCCl5Ek,,,,,,,
RIDER CHIPS,RIDER CHIPS,54xss2FRwsYWzpr2En5TzA,,,,,,,
松井常松,Tsunematsu Matsui,4vhvUTiqi4sNCVtcUSDzQN,,,,,,,
Violet UK,Violet UK,,,,,,,,
ブルヘリア,Brugeria,,,,,,,,
Micro,Micro,,,,,,,,
THE STAR CLUB,THE STAR CLUB,4yr6O5ybp9x2SaZe7gyGyx,,,,,,,
ヤプーズ,Yapuz,,,,,,,,
S.K.I.N.,S.K.I.N.,,,,,,,,
the 原爆オナニーズ,the Atomic Bomb Masturbation,,,,,,,,
DracoVirgo,DracoVirgo,7p4TMxfM6FIcCoRIVu2imq,,,,,,,