Artist Name,Album Image,Album URL
ザ・カーナビーツ,https://i.scdn.co/image/ab67616d00001e023099ce2ccfaac39fa66e186a,https://open.spotify.com/album/5UUSe3Z5oreQSQBVHGAR6H
東京スカパラダイスオーケストラ,https://i.scdn.co/image/ab67616d00001e022bb511ebe9bdb5b62eb2e677,https://open.spotify.com/album/0PoeRosC0p1QeV3KTIWxXw
THE SQUARE,https://i.scdn.co/image/ab67616d00001e02067a14745c5d2fa636cd934b,https://open.spotify.com/album/43NC10Biq8IF9uC1YXtgPS
ゴダイゴ,https://i.scdn.co/image/ab67616d00001e02455ad2e03ea34bd8a23ff4ed,https://open.spotify.com/album/35sSpxeuWp96p2PR1D7BZN
NUMBER GIRL,https://i.scdn.co/image/ab67616d00001e02cea6b5bf12cc61e5508a3df9,https://open.spotify.com/album/53SM7JmehI9uYICKm1Z4Qu
水樹奈々,https://i.scdn.co/image/ab67616d00001e02ad117f33bcee813a8dcdcfaa,https://open.spotify.com/album/3lRVQZ0Gbzk6OqXFIhOkNO
あらきゆうこ,https://i.scdn.co/image/ab67616d00001e021b358c06fdc14d77d7d88a86,https://open.spotify.com/album/6uw5X4xTRgUPWiFQlwdgBi
プラスティック・オノ・バンド,,
MGS,https://i.scdn.co/image/ab67616d00001e02363afa4d40411817d84cfd2c,https://open.spotify.com/album/60KjFXEdXemijGV2FRHx1g
ヴァン・ヘイレン,https://i.scdn.co/image/ab67616d00001e02d89ec5f1570ad3b4cae2d6f2,https://open.spotify.com/album/7gdFQXiDhkjc6FHP9pjaCm
ライジング・フォース,,
ジェリーフィッシュ,https://i.scdn.co/image/ab67616d00001e0230957fe1bb4eacaf4253993a,https://open.spotify.com/album/1XcVkOmPrO2n2hkagup3lu
スライ&ザ・ファミリー・ストーン,,
キング・クリムゾン,https://i.scdn.co/image/ab67616d00001e02d8a1b2f850d54fb9150daa62,https://open.spotify.com/album/0VMADiePYCgnZR5eH8iWHl
キャメル,https://i.scdn.co/image/ab67616d00001e0246aaf2529dfb58a4921c235d,https://open.spotify.com/album/7d71MatWXJgQ9KWs9tMatL
ディープ・パープル,https://i.scdn.co/image/ab67616d00001e0285084c47c49348df05247425,https://open.spotify.com/album/6DXNHsjmB0ogbCBAKdNpQs
イン・フレイムス,https://i.scdn.co/image/ab67616d00001e02d156aa78022844777cc51267,https://open.spotify.com/album/1IqQ6UX3hzJLVXtRmui4w3
T.V.,https://i.scdn.co/image/ab67616d00001e02e716b6507c6e92225e4a31e9,https://open.spotify.com/album/4fHBM9zskFEERJPccNsUKJ
HEAT WAVE,https://i.scdn.co/image/ab67616d00001e0293a5189aa182b74d21e28309,https://open.spotify.com/album/2u2ZygHTu7w8XICnj4fXZR
JAPA Bloco,,
ASIAN KUNG-FU GENERATION,https://i.scdn.co/image/ab67616d00001e026d4451c8890bc532222c6e38,https://open.spotify.com/album/3RJRauD27BwXHYI19CqwHu
チューリップ,https://i.scdn.co/image/ab67616d00001e02d4eb2e557793c7ecb8bcf1bf,https://open.spotify.com/album/21TONUs6QFlEpdwbtYVt6k
クラムボン,,
SAKEROCK,https://i.scdn.co/image/ab67616d00001e0275ea7d39688b4e9978e2f874,https://open.spotify.com/album/3jkyHo2scJi55IAmZYiXde
あいみょん,,
SUPER EGG MACHINE,,
FLOW,https://i.scdn.co/image/ab67616d00001e02ca5507b80c5a4993321bddf2,https://open.spotify.com/album/2Jpgkfvp3cQIK9B0sWxatk
AIRBLANCA,,
ハロウィン,,
ザ・ワイルドワンズ,,
ロードオブメジャー,https://i.scdn.co/image/ab67616d00001e02ddb26879f82d6c3d8f5399d5,https://open.spotify.com/album/4HevHi0u4LIHlSD93NsruV
村八分,,
バーズム,,
フランクザッパ,https://i.scdn.co/image/ab67616d00001e0221276eff8e169e83a15ddd6b,https://open.spotify.com/album/19fkv1dCd8rUwvcDsA5j5e
ZYYG,,
ACIDMAN,https://i.scdn.co/image/ab67616d00001e02a1096ec41879a45879bc835a,https://open.spotify.com/album/6EA4uovmGjFIEhPGHOhpF1
ガンマ・レイ,https://i.scdn.co/image/ab67616d00001e024d8570ebef30c62bb3734570,https://open.spotify.com/album/65175DHEHX4ueq2whXGfGb
アット・ザ・ゲイツ,,
THE BLUE HEARTS,https://i.scdn.co/image/ab67616d00001e02205694a672949c77219743a1,https://open.spotify.com/album/342p2PGm9bvwqdNg1FQd6C
マザーズ・オブ・インヴェンション,,
山崎まさよし,https://i.scdn.co/image/ab67616d00001e02a860f416c8f73d9202a9fd49,https://open.spotify.com/album/2DBahdxyVUy2QfxqupDitA
河口恭吾,https://i.scdn.co/image/ab67616d00001e02a882027236547acd95f8b63e,https://open.spotify.com/album/5Yph348MUzN89OisOSQOW1
サカナクション,https://i.scdn.co/image/ab67616d00001e02fa3a501155b6a5650e8cc494,https://open.spotify.com/album/7xmb7nxTWhNwAdOo4JKJJw
ディサルモニア・ムンディ,,
THE GOOD-BYE,https://i.scdn.co/image/ab67616d00001e02b5d93896f9b99813a6c6a620,https://open.spotify.com/album/0XNtM27DPAOYcuPiReDtER
ゼブラヘッド,,
ザ・ダークネス,https://i.scdn.co/image/ab67616d00001e02ab8a22bc00bc0bccd4687cca,https://open.spotify.com/album/4J9wRTjfwgUnsLagyQ1uwX
orange pekoe,https://i.scdn.co/image/ab67616d00001e02b636acc20f1bfc2ee18bd66f,https://open.spotify.com/album/07YWStofk72MSu7ykwRrvy
KISS,https://i.scdn.co/image/ab67616d00001e02cd54fed53750e65eac4eacfd,https://open.spotify.com/album/5fy9u8pWFQtEO2Er9SSfcj
ブラック・サバス,https://i.scdn.co/image/ab67616d00001e02e1e5d763b69f271654735ca5,https://open.spotify.com/album/2eWjV3Vrs1BYJyJtvOdRhy
ヴォイジャー,,
ザ・テンプターズ,https://i.scdn.co/image/ab67616d00001e02106a829b5dfaf76aaea90f73,https://open.spotify.com/album/7muYXVrXEb9L5anbQjUSDr
関ジャニ∞,,
THE HIGH-LOWS,,
Poppin'Party,https://i.scdn.co/image/ab67616d00001e025a07ecffa94e2362dbf95dce,https://open.spotify.com/album/4sbJMhqqAhU33khW3jy2v0
オフコース,,
flumpool,https://i.scdn.co/image/ab67616d00001e022f2fa8d4c4f09842b89825c0,https://open.spotify.com/album/1r4OmtQDqbrWo5llPSIWue
レベッカ,https://i.scdn.co/image/ab67616d00001e0241560e12b9ccb80154380fb6,https://open.spotify.com/album/5qtC822B64tjw8kfteCv4o
愛奴,,
すかんち,,
ウェザー・リポート,https://i.scdn.co/image/ab67616d00001e02764d6051248dc98ae3657674,https://open.spotify.com/album/7qbUoaE62BHyjGjxc7qYrK
イモータル,,
ヴァニラ・ファッジ,https://i.scdn.co/image/ab67616d00001e02f5f67a3eecf1975fe23b26be,https://open.spotify.com/album/11awSzF2lRX7E9JArwxsnb
エマーソン・レイク・アンド・パーマー,,
ボブ・マーリー&ザ・ウェイラーズ,,
the GazettE,https://i.scdn.co/image/ab67616d00001e02671d7bcb5fa33cc3f0ab7b81,https://open.spotify.com/album/1YpwIetpAIUMinDouMu8jB
ウィンターサン,,
STANCE PUNKS,https://i.scdn.co/image/ab67616d00001e0286cebe0a12e0a8cdfe9cdfed,https://open.spotify.com/album/6s2vQzy85pR6qPUfeQKkPT
KOHL,https://i.scdn.co/image/ab67616d00001e024fcbdebbb478f2f9f6a336d3,https://open.spotify.com/album/6tydRNSuLjQluysVakf5pk
はちみつぱい,,
Kill=slayd,,
ザ・ドリフターズ,https://i.scdn.co/image/ab67616d00001e0274a9c6a33438ef587d582fe4,https://open.spotify.com/album/0nNQ9n3SvjGDhxJ8OdlEsP
MR.ORANGE,,
ツヅリ・ヅクリ,,
RIZE,https://i.scdn.co/image/ab67616d00001e0245244c69304bfca705d1fb62,https://open.spotify.com/album/3MkowLD9nRJLR8eOKAX6gt
MALICE MIZER,,
9mm Parabellum Bullet,https://i.scdn.co/image/ab67616d00001e02ac495671401cecdfc50f4aa0,https://open.spotify.com/album/4KpSEm7faORT0XUFZRTAJc
グラスバレー,https://i.scdn.co/image/ab67616d00001e02e00dce86d3924d466033ac29,https://open.spotify.com/album/7xoMfWsOw8B23NciFDbD8Y
GRAPEVINE,https://i.scdn.co/image/ab67616d00001e02675be99547bc13f780135d62,https://open.spotify.com/album/5wU7aiu8XCF4m39OnJDxy4
カーペンターズ,https://i.scdn.co/image/ab67616d00001e02e411fb5a73ed63f7003b4218,https://open.spotify.com/album/6qyoUTpM2MpnuS5l2eoyZd
川口千里,https://i.scdn.co/image/ab67616d00001e02bb195215fbc43ae6d4a3ecee,https://open.spotify.com/album/3bLtbIdGz8OpylV926gBmX
ユニコーン,https://i.scdn.co/image/ab67616d00001e02711717bf06312b0e1fdcba12,https://open.spotify.com/album/1kRmUc2mjUeROgPvI6Kvza
Sound Schedule,https://i.scdn.co/image/ab67616d00001e023d367576ef8ed9148940d44b,https://open.spotify.com/album/2Cl3zwN0Bfzgzw1662zIXa
Whiteberry,https://i.scdn.co/image/ab67616d00001e028f8394625522976e7a18725d,https://open.spotify.com/album/7z08Z35yUtU3Js9q4MhYrM
椎名林檎,https://i.scdn.co/image/ab67616d00001e02add923e0f387d2479380306c,https://open.spotify.com/album/7tean6qlQaKq6tyqzaLrpR
ドゥービー・ブラザーズ,https://i.scdn.co/image/ab67616d00001e022654e6a8d375758c35c7813b,https://open.spotify.com/album/0MVbWdVN8IK5SXwpYaKUGa
ザ・フー,https://i.scdn.co/image/ab67616d00001e02b738367ec6cdbd3e29d7efdf,https://open.spotify.com/album/4uehIELOvaBf8ZbhQGrhkd
キャプテンストライダム,https://i.scdn.co/image/ab67616d00001e0273bf8f6e6139ff6690886e65,https://open.spotify.com/album/3XSKj9FBUbbcB5XJBsgVyp
THE YELLOW MONKEY,https://i.scdn.co/image/ab67616d00001e020b6f65dc4f6a3bd206823aa7,https://open.spotify.com/album/39n51FT5W3s7gvbkgTwR05
D'ERLANGER,https://i.scdn.co/image/ab67616d00001e0282db0396a165334e228006cb,https://open.spotify.com/album/1rOxVH017PXQ68tXxwrmRj
ジャックス,,
ORANGE RANGE,https://i.scdn.co/image/ab67616d00001e028525dda017cf6698444161bd,https://open.spotify.com/album/6iO8TjBQT1SKvKKWjKWTeM
プリズム,https://i.scdn.co/image/ab67616d00001e023517b6207194baf9d2e20c58,https://open.spotify.com/album/1re6lKJ6HThy2skOaEkHiD
叫ぶ詩人の会,,
EARTHSHAKER,https://i.scdn.co/image/ab67616d00001e02f5e5599ce981ce072752e14a,https://open.spotify.com/album/2x5YdKeVV9WqbZEKE1X0RX
The Birthday,https://i.scdn.co/image/ab67616d00001e02f2823f1a4e489008f825fa61,https://open.spotify.com/album/1oG7SIa3Pw4KTPZ2dY5fbT
トリックス,https://i.scdn.co/image/ab67616d00001e02d029e2933c99a31f2dfafc2f,https://open.spotify.com/album/3uUhGcJnu2zjVAKLX6VCpg
SCREAMING SOUL HILL,,
ジェームスブラウン,https://i.scdn.co/image/ab67616d00001e02477b4a35010c5ad09edfb96d,https://open.spotify.com/album/0A1X2WAwsc4ERUGTctTZn4
PAMELAH,,
ザ・ファーム,https://i.scdn.co/image/ab67616d00001e02c213d93bcf090c1a750b4d92,https://open.spotify.com/album/3eN0jZc55PwHoGFagQ0Izr
マグマ,,
スタッフ,,
New Cinema 蜥蜴,,
沢田研二,https://i.scdn.co/image/ab67616d00001e02472168980a0c78805782b849,https://open.spotify.com/album/2rTxpaw0yfOQRLdpikNi9U
グレゴリー・ハッチンソン,,
flow-war,,
10cc,https://i.scdn.co/image/ab67616d00001e026667edf61cc9782d6e094c19,https://open.spotify.com/album/7gMvgOEXNdLYA6Zv0dOcVe
KANA-BOON,https://i.scdn.co/image/ab67616d00001e02980c5bd4576671cbdbc35d86,https://open.spotify.com/album/7Biahwcice2vS5XvafxhZw
クリープハイプ,https://i.scdn.co/image/ab67616d00001e02b9edec528ff3ab401bf3e194,https://open.spotify.com/album/2xXBLrS026lOtokTttSEm8
LOVE BELL BACK LINE,,
10-FEET,https://i.scdn.co/image/ab67616d00001e02f2823f1a4e489008f825fa61,https://open.spotify.com/album/1oG7SIa3Pw4KTPZ2dY5fbT
レインボウ,https://i.scdn.co/image/ab67616d00001e025ebc03504fefe1fe75116b98,https://open.spotify.com/album/0Q2rqNKYjRtjF4bxHP5Bxn
Skoop On Somebody,https://i.scdn.co/image/ab67616d00001e02b376fc6df0e642cc3ca491ef,https://open.spotify.com/album/6yxrNvlYKjfx2yRRiMquCb
ハートバザール,,
FIELD OF VIEW,https://i.scdn.co/image/ab67616d00001e02e36c96e3fabef582b3f00090,https://open.spotify.com/album/41Lpmk6cZ6264XFLvY6OVP
JUN SKY WALKER(S,,
リンドバーグ,,
GO-BANG'S,https://i.scdn.co/image/ab67616d00001e02fae47d7d8ff35bd2871b4aaa,https://open.spotify.com/album/1Jht9HEWbRtSemyb1uIExq
TOTO,https://i.scdn.co/image/ab67616d00001e0264fc8c1e56b92e23b64a5e62,https://open.spotify.com/album/1Dnw7RXkMsM1Bc5zjuBcby
AC/DC,https://i.scdn.co/image/ab67616d00001e02ef12b029b06161adc1f4adcb,https://open.spotify.com/album/07uJ5p9BqjHx3gqllaC2jX
tacica,https://i.scdn.co/image/ab67616d00001e02670d0e272a3582a093854f64,https://open.spotify.com/album/3xV48S9MVF6uyKneMhS5m3
スピッツ,https://i.scdn.co/image/ab67616d00001e02622ca4b0159cc73e9c7c1c57,https://open.spotify.com/intl-ja/album/5u95y591xPiCFY3UI5gHqY
L'Arc〜en〜Ciel,https://i.scdn.co/image/ab67616d00001e028481779733a5364e6e9caafd,https://open.spotify.com/album/20ZAVYfQA6HvJdxGImnWW0
Dragon Ash,https://i.scdn.co/image/ab67616d00001e02efa42d4495df965668dd4be5,https://open.spotify.com/album/38x9HeA28R12rvi87sYPaL
LUNKHEAD,https://i.scdn.co/image/ab67616d00001e02de5f4f98bcffc9f5eb1f989c,https://open.spotify.com/album/2J51hWVnmtteuyLjnxh65e
カシオペア,https://i.scdn.co/image/ab67616d00001e0229c43b190c070a4313ff63a7,https://open.spotify.com/album/6PHS0O7Gfkmbo0yBBC4xsg
HELDEN TUM,,
Pay money To my Pain,https://i.scdn.co/image/ab67616d00001e026cb8e5001baf5144c6ffd27d,https://open.spotify.com/album/6cBrX444w1OquRC1dT1J0W
HIGH and MIGHTY COLOR,https://i.scdn.co/image/ab67616d00001e028bc5f30cbb2e0d84e0d8849f,https://open.spotify.com/album/3n88JVbgr3hth4oy5fRZT8
indigo la End,https://i.scdn.co/image/ab67616d00001e0288d2f682d5758066b9121dc9,https://open.spotify.com/album/7xUcXqqnjoshnB3pqxIFOb
KENZI&THE TRIPS,,
サザーランド,,
aiko,https://i.scdn.co/image/ab67616d00001e02077088f748b9a087b5ae78bc,https://open.spotify.com/album/1dQZQEwV1ambDLvwfSEgjx
THE POWERNUDE,,
ウルフルズ,https://i.scdn.co/image/ab67616d00001e027dadb82aa4e4f2f13233ceb2,https://open.spotify.com/album/14JMlYx5bOucM7RwmX4hT1
ランナウェイズ,,
AJICO,https://i.scdn.co/image/ab67616d00001e02f0d48414362903cc040b4883,https://open.spotify.com/album/4Hc5jMGF7ODDqzdni8iaC5
ベニー・グッドマン楽団,,
ストラングラーズ,https://i.scdn.co/image/ab67616d00001e02c0a5c67e76f6659cdd90d0f4,https://open.spotify.com/album/3sWEeDRYNxiKdnJ4BM2XUW
コズモスクアッド,,
クレイトン＝ハミルトン・ジャズ・オーケストラ,,
かかし,,
ステレオポニー,https://i.scdn.co/image/ab67616d00001e0280d27cbeeaf855c8e2aa960e,https://open.spotify.com/album/4dNouQcTrSVLpK1Vk1NCuC
松田聖子,https://i.scdn.co/image/ab67616d00001e02e0dcb6851e404bb976d51b95,https://open.spotify.com/album/5G8lnCLan2MCDUN1UOPMbN
ジミー・エバンス & ヒズ・オーケストラ,,
聖飢魔II,https://i.scdn.co/image/ab67616d00001e02fd8ead3937e08992f8592d6d,https://open.spotify.com/album/4DcHkQDTfKOirqRwCMRFGJ
ディム・ボルギル,,
ジャッキー吉川とブルーコメッツ,,
Janne Da Arc,https://i.scdn.co/image/ab67616d00001e029377a472aa747c4adfb56ee3,https://open.spotify.com/album/17nKG61PtoLKSqBYTF4UOt
SIAM SHADE,https://i.scdn.co/image/ab67616d00001e02decf437dd5836e84993a67ec,https://open.spotify.com/album/6emUYNWUzWylEjkMaBSaIM
エアロスミス,https://i.scdn.co/image/ab67616d00001e029f4133be652ae6126145a10c,https://open.spotify.com/album/1TEsUEdGcXTXyRmqv3u2iO
ナイル,https://i.scdn.co/image/ab67616d00001e026900cc9f1a8e929bd87796fe,https://open.spotify.com/album/2dfnybJ96sAnkIAADdO7Ka
BIGMAMA,https://i.scdn.co/image/ab67616d00001e025ffec80b95c951c39beea239,https://open.spotify.com/album/5XOYPKYFFdptVsGL7B4lA6
[Alexandros],https://i.scdn.co/image/ab67616d00001e02e12f71d823b213d333e639e8,https://open.spotify.com/album/4yeapGoU41jOpUT3rdob5n
ピンククラウド,https://i.scdn.co/image/ab67616d00001e025e69cc33c74171588683ed96,https://open.spotify.com/album/5CoYJsCnRXqYQScRFd3gQk
ジャボ,,
コロシアム,,
レッド・ツェッペリン,https://i.scdn.co/image/ab67616d00001e02ce69f6900fa18dd689d2d45b,https://open.spotify.com/album/6VH2op0GKIl3WNTbZmmcmI
トータス,https://i.scdn.co/image/ab67616d00001e02fb9c95d3be46d5fef6c1b1fc,https://open.spotify.com/album/72hQIk3pRPP638S32EaboM
ロッテンハッツ,,
レミオロメン,https://i.scdn.co/image/ab67616d00001e02a61b20212c39c33b438bb206,https://open.spotify.com/album/30i28MBCH92QxhDJuOc44J
マリリン・マンソン,https://i.scdn.co/image/ab67616d00001e02da0f0348712fba481c1761e3,https://open.spotify.com/album/3VOlp4Dion1qjjvhmuDZvV
クリーム,https://i.scdn.co/image/ab67616d00001e02381f33517ba2d908a525b83f,https://open.spotify.com/album/4SzKeHpQX1scbuJtQL4KHt
UVERworld,https://i.scdn.co/image/ab67616d00001e0216a6134a8e12604c1de30992,https://open.spotify.com/album/78cmjYT0DSyCyuNNzED1tT
LUNA SEA,https://i.scdn.co/image/ab67616d00001e02e7e6e1b6b3c66b3e5b6d5af0,https://open.spotify.com/album/4OU4akE75MOXBjLO5NXeYz
Dir en grey,https://i.scdn.co/image/ab67616d00001e02d0ad4fa79d9213ea3c4ec262,https://open.spotify.com/album/6UwjEa3d5izqJbyieLVXRj
シネマ,,
Mr.Children,https://i.scdn.co/image/ab67616d00001e020718fc0571d31dbbb3e7855d,https://open.spotify.com/album/7dLAnncxnWnfFhdoZwF27w
ディーサイド,,
ジャパン,https://i.scdn.co/image/ab67616d00001e0216e5e41582b326aa3832da8e,https://open.spotify.com/album/0ezKQuRSkTDJSgwJ6iL4Jq
アベレイジ・ホワイト・バンド,,
スライ&ロビー,https://i.scdn.co/image/ab67616d00001e02261ec5313bccfbf24c245388,https://open.spotify.com/album/0YgSa9TlGHFTu8ghp9LiD9
3,,
GO!GO!7188,https://i.scdn.co/image/ab67616d00001e026a510f4380d80cffb20f7e85,https://open.spotify.com/album/2b2lD1xFbPaYxrs4B6cRty
メガデス,https://i.scdn.co/image/ab67616d00001e0262c843dbee54435efe80987f,https://open.spotify.com/album/1ziUtOuRT545OI4cnHEMhC
Non Stop Rabbit,https://i.scdn.co/image/ab67616d00001e02f8f7a93f78b708866111fd9c,https://open.spotify.com/album/0QX8vzZ7HrFHdEcai6hP5F
ガガガSP,https://i.scdn.co/image/ab67616d00001e0214b219b3d425747e2eeee82b,https://open.spotify.com/album/2fftHCw5wj2J0qp7gr41nM
KUMACHI,,
CHARCOAL FILTER,https://i.scdn.co/image/ab67616d00001e0268f90e018aafc6a78915f106,https://open.spotify.com/album/6TSfyzt2Vh5UYexzA8knlX
チャットモンチー,https://i.scdn.co/image/ab67616d00001e02146c6f46e62e18a6aa7ab3fd,https://open.spotify.com/album/2m3ufeqKJqj15XROumkwrG
PEALOUT,https://i.scdn.co/image/ab67616d00001e024133f1017642f4ec8237520b,https://open.spotify.com/album/0F1xMZ5BZCSJfloLjHDC9O
ELLEGARDEN,https://i.scdn.co/image/ab67616d00001e026c795df60a32c2e9448a0cd9,https://open.spotify.com/album/60ZYXQLKm2CcOrPD661eh9
BOØWY,https://i.scdn.co/image/ab67616d00001e02b83dd611d494f54a19904b66,https://open.spotify.com/album/5GzkVQK9aIjhZEOab8zsoq
サディスティック・ミカ・バンド,https://i.scdn.co/image/ab67616d00001e02a52c40474b2d74be4366e662,https://open.spotify.com/album/37suspXjwXOMssZSCdQkFm
X-RAY,https://i.scdn.co/image/ab67616d00001e0288c6758cefd90290e51d8421,https://open.spotify.com/album/4JpxD7o7luAOy2yZh1SnRZ
BLUE ENCOUNT,https://i.scdn.co/image/ab67616d00001e02926909699c1214051c7a9937,https://open.spotify.com/album/4DifEg0usPQvzxk6K9H04Z
PIERROT,https://i.scdn.co/image/ab67616d00001e02d464444c56a59d0ce36878ef,https://open.spotify.com/album/3BK70ecOsuGOTMCSojeNuL
SUPERCAR,https://i.scdn.co/image/ab67616d00001e0219f39eea7e94460c6888a30d,https://open.spotify.com/album/0OIfBC4yIeQ0u6SzcrPr8D
Aqua Timez,https://i.scdn.co/image/ab67616d00001e02b35c6143314a03eee8eef375,https://open.spotify.com/album/1OvmoTpqHudpuwaXLd7fpR
MONKEY MAJIK,https://i.scdn.co/image/ab67616d00001e02089973d1a598473fea382fb2,https://open.spotify.com/album/7D4cMYPY6OmOt9ZEJg4kiC
井上堯之,,
安全地帯,https://i.scdn.co/image/ab67616d00001e02b2c0556506b10c31e0f52e26,https://open.spotify.com/album/2KV0HfeHkw8lrCciVtK2r3
B'z,https://i.scdn.co/image/ab67616d00001e02fd45885da21381f382678147,https://open.spotify.com/album/2kTIyxhz1aGAdKOo8kX4OR
YOUR SONG IS GOOD,https://i.scdn.co/image/ab67616d00001e024e0fb2aede77bd92810990eb,https://open.spotify.com/album/0LUQgXmn8jOo25MBHXk6Lx
アンダーグラフ,https://i.scdn.co/image/ab67616d00001e02ada2b53a70ae303372d818e9,https://open.spotify.com/album/6qXXMHBl98lPf2h28tOUWw
ザ・スパイダース,,
シカゴ,https://i.scdn.co/image/ab67616d00001e029f23f6709a9d8ce4916a0c5d,https://open.spotify.com/album/4Z9XtIhyzMbnB9xTE89tzr
ニッケルバック,https://i.scdn.co/image/ab67616d00001e024f25a8f09ca78fc45b6f66ab,https://open.spotify.com/album/4RzfSdFKOqFP5HAzYOYxy3
アーチ・エネミー,https://i.scdn.co/image/ab67616d00001e02605e65fff6b07ef5c6536158,https://open.spotify.com/album/4HjsgkN5JRpb8k4RDdb3kM
100s,https://i.scdn.co/image/ab67616d00001e02ed54732c236e8bdf68f010e2,https://open.spotify.com/album/3plso3HE5e6Ps6ItVNmgvC
晴晴゛,,
エンペラー,https://i.scdn.co/image/ab67616d00001e02f16b73702e78ed394d575214,https://open.spotify.com/album/0U0lRykzKhjYs0SpdNmstT
エッジ・オブ・サニティ,,
ザ・ハプニングス・フォー,,
ローリング・ストーンズ,https://i.scdn.co/image/ab67616d00001e02ea74bd622640560a8879ad16,https://open.spotify.com/album/17BYe75slJy2AWCLJBlhvO
Red Hot Chili Peppers,https://i.scdn.co/image/ab67616d00001e02aa50644f05f26e73ba950b8c,https://open.spotify.com/album/0KJc9ksnoJJsdpQxV3z5i1
HI-STANDARD,https://i.scdn.co/image/ab67616d00001e02d853d4d73426f4b6d34dcbd3,https://open.spotify.com/album/213jGaJmJFAfCMNxk8xTtX
SHOW-YA,https://i.scdn.co/image/ab67616d00001e0298e3cbfa0a222bdce411447e,https://open.spotify.com/album/5Fpl2pd6cGUjsBsyZa6JvQ
鶴田加奈子,,
平原綾香,https://i.scdn.co/image/ab67616d00001e025ad9c2f451cec172918ba11f,https://open.spotify.com/album/5CiwRfFKjTKer79RcZfUUK
ボン・ジョヴィ,https://i.scdn.co/image/ab67616d00001e029f7ea39890e50740cd33be09,https://open.spotify.com/album/6gZ9rRJt7m8g7ZzK8U6hcq
デイブウェックル,https://i.scdn.co/image/ab67616d00001e02acfca0cd64b9f98d19ad65f9,https://open.spotify.com/album/6shrdFwEW9ei4Bnm4wAPD0
ニルヴァーナ,https://i.scdn.co/image/ab67616d00001e020002f9ab7f6ec9c7d6e04ee9,https://open.spotify.com/album/5oSbmBtgj01GkSxbeR4WOL
スレイヤー,https://i.scdn.co/image/ab67616d00001e0294bf2f86ef2bb808cc60885d,https://open.spotify.com/album/2GBpIJ4xAH6iJVIz4tMjJ6
Tower of Power,https://i.scdn.co/image/ab67616d00001e0253e2a78eef5eb3f2b15046c9,https://open.spotify.com/album/4TLPiW46KqXQ1ILO41fWKt
デニスチェンバース,https://i.scdn.co/image/ab67616d00001e02794212dbd9c9237db44961e4,https://open.spotify.com/album/5YiTpi7O0xx1yXTNXCTHFb
テリーボジオ,,
チェッカーズ,,
THE BOOM,https://i.scdn.co/image/ab67616d00001e02e96eeef4e9fc76dde4a8b51e,https://open.spotify.com/album/15K0QD5VtFt2clN78SDuTa
クーラロビトス,,
アルカナ,https://i.scdn.co/image/ab67616d00001e02a99374ecbd00674794dfc0b0,https://open.spotify.com/album/2zjLkj0O3XMuHovHdtijL6
トーマスラング,https://i.scdn.co/image/ab67616d00001e02efd517d150f6ee6a32a6cc46,https://open.spotify.com/album/1tCIKWx3JL6zFtzr2tlaNm
オジー・オズボーン,https://i.scdn.co/image/ab67616d00001e02b2396840a8fba4ef2785c09d,https://open.spotify.com/album/4u1LXToDGOdhDDf4c9zeqb
ジョーン・ジェット&ザ・ブラックハーツ,,
モトリー・クルー,https://i.scdn.co/image/ab67616d00001e02156ffdd4dbd89856e8f008c0,https://open.spotify.com/album/1jFv3W8u8tVy58FimCgw7O
プリンセス・プリンセス,https://i.scdn.co/image/ab67616d00001e026280e0e867a481555c88d66f,https://open.spotify.com/album/5i5WL6NsDHkZQ5wdYz6GQs
ONE OK ROCK,https://i.scdn.co/image/ab67616d00001e0222bd955b34bfd34a8d449202,https://open.spotify.com/album/6mDmC69i1FO1uF1MMqa9DO
Laputa,https://i.scdn.co/image/ab67616d00001e02d587cfbf0bb7a1b3b5c11492,https://open.spotify.com/album/2HbI0miW54zO0XpzktlW0r
ブリンク182,,
グリーン・デイ,https://i.scdn.co/image/ab67616d00001e02b2339d1993c4cdd17efdcf9e,https://open.spotify.com/album/4AFF6Md43PaWKv5lSMAysd
イーグルス,https://i.scdn.co/image/ab67616d00001e0299524b1d45767cb9216ab29f,https://open.spotify.com/album/4N9EiC0CRRh8CQMBepM3p7
サクソン,https://i.scdn.co/image/ab67616d00001e026fba010055ebaa3b99e98577,https://open.spotify.com/album/5BcD7WBOFmm1LDb9zbhsjd
デミセミクエーバー,,
GRANRODEO,https://i.scdn.co/image/ab67616d00001e02281a7680748505c84a64e716,https://open.spotify.com/album/3zmJTq7IhsEcOS9vJZJIcH
GLAY,https://i.scdn.co/image/ab67616d00001e02139f8cb4e3d18ea7b31d7d2b,https://open.spotify.com/album/6iJ8EkeLS7JrpE3NvUz25R
Syrup16g,https://i.scdn.co/image/ab67616d00001e02036b29c0b07a8b2526997c63,https://open.spotify.com/album/1oNVgCta0qPtdwQEGESzYs
Sunflower's Garden,https://i.scdn.co/image/ab67616d00001e025f83b928e29e33cc60141764,https://open.spotify.com/album/5C8EqKnaaoZQxYLFjZAJ2z
ザ・スターリン,https://i.scdn.co/image/ab67616d00001e02f61769ff627ae070136f72e2,https://open.spotify.com/album/2jOKcVISRGYQgKQ0Afuzty
STRAIGHTENER,https://i.scdn.co/image/ab67616d00001e022ed9f6c6883a8344668b546e,https://open.spotify.com/album/6F6vmrK7r3GFiiBLqGil9U
マキシマムザホルモン,,
RCサクセション,https://i.scdn.co/image/ab67616d00001e02d53122718b9ccaf646fe3625,https://open.spotify.com/album/06F8dvYCGnFljtCiKDWJdY
ラッシュ,https://i.scdn.co/image/ab67616d00001e029b63955124485da7c21cb179,https://open.spotify.com/album/5nZ5I0gA3x6KEkIpHQWw4l
アイアン・メイデン,https://i.scdn.co/image/ab67616d00001e029dded020fbe39dc9c3d3122f,https://open.spotify.com/album/3TymcPWXqsCRA5oSL0TkPU
ピンク・フロイド,https://i.scdn.co/image/ab67616d00001e0294731b7663cb4ba416da64a2,https://open.spotify.com/album/6SDPwUC74HcxwB84kPs4pM
にゃんごスター,,
大塚愛,https://i.scdn.co/image/ab67616d00001e02fccb687916603884540ef56d,https://open.spotify.com/album/2ihGCQ3UJZ6hkf0KPJ27XO
GRiP,https://i.scdn.co/image/ab67616d00001e025ed69bba3e1085a9bc00f365,https://open.spotify.com/album/0ji6GzMBQUFZhVZHucPAuO
シュガー・ベイブ,,
T-SQUARE,https://i.scdn.co/image/ab67616d00001e028c498d393f5140d98aaf3bbb,https://open.spotify.com/album/6neVlM3tiOvhfh5TNIBoVi
THE ALFEE,https://i.scdn.co/image/ab67616d00001e029b16d09209c80bab665e788f,https://open.spotify.com/album/3qLCcHe7lTSLlIYTpnbGhn
東京事変,https://i.scdn.co/image/ab67616d00001e02905db1b06f8176fd376fd55e,https://open.spotify.com/album/2jYrSjiB2tmFZ8jKZLuhrp
MR. BIG,https://i.scdn.co/image/ab67616d00001e025229680daa38abc1e96bf193,https://open.spotify.com/album/31oHb0EL7UmNW8lfGtMtDo
キングクリムゾン,,
バディリッチ,https://i.scdn.co/image/ab67616d00001e02c44a3ba84e376fe8d59914a9,https://open.spotify.com/album/6D6GnPXbgpR8wbVIfGc3Ch
ハナ肇とクレージーキャッツ,,
ティン・パン・アレー,,
NORTHERN BRIGHT,https://i.scdn.co/image/ab67616d00001e02a05c041313c0d5e41f5dfdd8,https://open.spotify.com/album/0pdkA67gu0sxfikTg4dxeU
ナニワエキスプレス,https://i.scdn.co/image/ab67616d00001e027d5a1b326ca4954f0b83e148,https://open.spotify.com/album/5pJLU8fShulLxXh2UxUIz6
ダーケイン,https://i.scdn.co/image/ab67616d00001e021e905be4cb9391530b4fe918,https://open.spotify.com/album/2c5Q5jTJchAboCJ5iv859u
キッス,,
ペイン,,
モービッド・エンジェル,https://i.scdn.co/image/ab67616d00001e023e7b34409c409998c2f8f9f0,https://open.spotify.com/album/0PwsxwPxsOcOfZQoLOVpgp
ビートルズ,https://i.scdn.co/image/ab67616d00001e0233b139ea459f9d93c7b8fb30,https://open.spotify.com/album/7C221PnWhYGv8Tc0xSbfdc
凛として時雨,https://i.scdn.co/image/ab67616d00001e02b92aea0e52afc84ca5a6c41b,https://open.spotify.com/album/5NxTmnfjzE2DpeUUWfsn0F
ゴング,https://i.scdn.co/image/ab67616d00001e02b5dd093d285ece808a61af56,https://open.spotify.com/album/67NH57XjUXzXmAxqZlEHNS
シエナ・ウインド・オーケストラ,https://i.scdn.co/image/ab67616d00001e02b84391ca2fb60460972ef05d,https://open.spotify.com/album/4awNHZzN3PEAiLUcdvZ4sI
クリエイション,,
LOUDNESS,https://i.scdn.co/image/ab67616d00001e025c01121b6fd10693610c0ecd,https://open.spotify.com/album/0gQXpZQN13jst5mm1RcWvs
ArmeriA,https://i.scdn.co/image/ab67616d00001e0247a2f251b474867ef990899c,https://open.spotify.com/album/3P6ZRJyIBhc9thcEE4N5s5
Kemuri,https://i.scdn.co/image/ab67616d00001e02df30527ef670472076ab4f29,https://open.spotify.com/album/19rPbI2GrSwlRtez635dsX
イエス,,
ミニストリー,https://i.scdn.co/image/ab67616d00001e029be5e8fc7000434be4f61c5c,https://open.spotify.com/album/2GV4nMhDaSu4BUshdfQUK5
クレイジーケンバンド,https://i.scdn.co/image/ab67616d00001e02fe0357fdc3bcf8ca714bf128,https://open.spotify.com/album/7ydz8Ia4jkNCR4UsT09g85
CASCADE,https://i.scdn.co/image/ab67616d00001e023471ba879fa40a01b9655142,https://open.spotify.com/album/2gjHWxRK4Xqohbw2tHZ717
爆風スランプ,https://i.scdn.co/image/ab67616d00001e025225348ce660686708a36f03,https://open.spotify.com/album/418nXSQoIo4JGhWP1AiwS2
ジェネシス,https://i.scdn.co/image/ab67616d00001e023c21170f4571818d67f7934e,https://open.spotify.com/album/2VMk6eFV1MafApI6Txke5H
世良公則&ツイスト,,
シン・リジィ,https://i.scdn.co/image/ab67616d00001e0208411ff4b58665fa900ad4ae,https://open.spotify.com/album/1QOnifQjxMv9cC633IkAXs
シャドウズ,https://i.scdn.co/image/ab67616d00001e024811e3e6dc6bad4c4a24ad23,https://open.spotify.com/album/5dQf9Hqmb9HbGO4s4ZX1mK
アルティ・エ・メスティエリ,,
サテリコン,,
RED DIAMOND DOGS,https://i.scdn.co/image/ab67616d00001e02e72e52a06ccfe11a343cd65f,https://open.spotify.com/album/04qRXQlLMRdn4HYwC2xpo8
ザ・ムーブ,,
セックス・ピストルズ,https://i.scdn.co/image/ab67616d00001e02cfebfc762f9033d00331c552,https://open.spotify.com/album/0PHgChtbkaJNgXztnCSbx9
ゲスの極み乙女。,https://i.scdn.co/image/ab67616d00001e0270024836f6c8c4221fc29005,https://open.spotify.com/album/2OxpSeGhVjDjzohqu1HKwU
Base Ball Bear,https://i.scdn.co/image/ab67616d00001e02d2764b7de74c87abf33c877c,https://open.spotify.com/album/4ORf1Z1gK6vjUBso8iwLfF
ANTHEM,https://i.scdn.co/image/ab67616d00001e02c8ba704075e6a76e335fc63a,https://open.spotify.com/album/4n4gxvWmj9v3DbiGgGebqa
SHAKALABBITS,https://i.scdn.co/image/ab67616d00001e024b35b823cf759c52eb58a8e8,https://open.spotify.com/album/6lg6owyxu002RxHew98Doy
ドリーム・シアター,https://i.scdn.co/image/ab67616d00001e0284df495cc5388ff20c20e153,https://open.spotify.com/album/5kCJEnrauoWbHJubC2AKJH
サンタナ,https://i.scdn.co/image/ab67616d00001e02b11ece5fa1e865bc04d85b80,https://open.spotify.com/album/4tFIdO99QBY3xXTgDekXTZ
シャ乱Q,,
ザ・ティアーズ,,
NATSUMEN,,
BUMP OF CHICKEN,https://i.scdn.co/image/ab67616d00001e025909da5a113b537bd6797437,https://open.spotify.com/album/58PvY956sX4Dw97C5Vcr4o
コブクロ,https://i.scdn.co/image/ab67616d00001e02f95af2ba903aab125d57287e,https://open.spotify.com/album/6dkWZBHcZam1D0tvv8R95y
TOKIO,https://i.scdn.co/image/ab67616d00001e02ed781ef8a10fdfeee3de8744,https://open.spotify.com/album/1sybH8m6mMfynnq0IJznIo
THE BACK HORN,https://i.scdn.co/image/ab67616d00001e02a516ee28dabe4c3289515e33,https://open.spotify.com/album/7yZouODY50zeShsVwq4wDB
サザンオールスターズ,,
甲斐バンド,https://i.scdn.co/image/ab67616d00001e02d83e2c10f1c4aa07923bebaf,https://open.spotify.com/album/7zY1Qtg2v8pDQh4kgHAbgM
パール兄弟,https://i.scdn.co/image/ab67616d00001e028734aac7b7a5ebc16d28c312,https://open.spotify.com/album/0JSk1p14yxYWu5pLXDHN9i
はっぴいえんど,,
TUBE,https://i.scdn.co/image/ab67616d00001e02f9cfdc45dc1adc6017f0e2d4,https://open.spotify.com/album/3NqB84iI7H4UgaOF6BhUIp
インソムニウム,,
モーターヘッド,,
ZONE,https://i.scdn.co/image/ab67616d00001e0209ec1fd6c9ddd63305ef6022,https://open.spotify.com/album/5qR5JgXjNj848PmMxNyVVn
ZARD,https://i.scdn.co/image/ab67616d00001e02eb00518f47bbf70d26fb5c3a,https://open.spotify.com/album/4DdJfB2sYy9S0CM9NNumWu
デッドエンド,,
有頂天,,
RAZZ MA TAZZ,https://i.scdn.co/image/ab67616d00001e02f9b2c9802136e06eeb72eeb6,https://open.spotify.com/album/5yOMWZCWbnvRvsQdzcxoMi
ザ・ジャガーズ,,
THE MAD CAPSULE MARKETS,https://i.scdn.co/image/ab67616d00001e02209319cfca9b3f54318f7414,https://open.spotify.com/album/1tKHtoxt3oLrWldZ2P8AGe
ORIGINAL LOVE,https://i.scdn.co/image/ab67616d00001e02ce85442c5c4966298e58b98e,https://open.spotify.com/album/0OfqPFNDoEklkwcpE0poOQ
インビシブルマンズデスベッド,,
44MAGNUM,https://i.scdn.co/image/ab67616d00001e02b3e16cbc76dc5d03f8245806,https://open.spotify.com/album/5ztIr9y77ObgRbAS2o6PGO
rumania montevideo,,
矢沢永吉,https://i.scdn.co/image/ab67616d00001e022dfa5cac1a36f326831c751d,https://open.spotify.com/album/3zm7A7DGyIJnwz7f4uTlhi
SADS,https://i.scdn.co/image/ab67616d00001e022c82a787eaae30c4e4f57abd,https://open.spotify.com/album/2JKB6b36HtEOqV7fU3gUV2
GOING STEADY,https://i.scdn.co/image/ab67616d00001e0264548cebc12dfb26d5704379,https://open.spotify.com/album/48SXTUrfrvgKVPoVQjeur0
スキマスイッチ,https://i.scdn.co/image/ab67616d00001e021606cab8524ff3bcd8eca9ca,https://open.spotify.com/album/40dcCDUEw7blRejxhrXye8
赤い鳥,,
ネイティブ・サン,,
SORAMIMI,https://i.scdn.co/image/ab67616d00001e02555b5f50421402cfeadfcf78,https://open.spotify.com/album/3ntXf5TvOrejhkX0eILgdT
ザ・JBズ,,
ベンチャーズ,,
ヴェルヴェット・アンダーグラウンド,,
フィッシュマンズ,https://i.scdn.co/image/ab67616d00001e02e6ce0925bcc2ea5d37a8710c,https://open.spotify.com/album/6ajIeazRPXJtthT03jg8G7
DNA,https://i.scdn.co/image/ab67616d00001e02d87668810cd3f6d77285c9ca,https://open.spotify.com/album/7dC869HdAWI9T2jmNy7zqO
くるり,https://i.scdn.co/image/ab67616d00001e023cdfdc9c96ca429cf00f9ec6,https://open.spotify.com/album/5kcsPKPKuOrqmSG7oossk0
パスピエ,,
BUCK-TICK,https://i.scdn.co/image/ab67616d00001e0227bb3fa8b64889ef87507abf,https://open.spotify.com/album/1mTTX0BDszrEBqYCDWofH8
KEYTALK,https://i.scdn.co/image/ab67616d00001e022e02240b36bc9dc88d671b7b,https://open.spotify.com/album/0NFdMpX5RyLnhkvr9e71OG
カン,,
チルドレン・オブ・ボドム,https://i.scdn.co/image/ab67616d00001e02c749bb1f3d8646c243d9a8a6,https://open.spotify.com/album/2mDEA2rNWAA85FgoWcJHGA
ディヴァインファイア,,
Cymbals,https://i.scdn.co/image/ab67616d00001e029d6ce98003fced793634eca7,https://open.spotify.com/album/4YxabQyctz38mndzfVbkOW
カーネーション,https://i.scdn.co/image/ab67616d00001e020eba3dd8da41fb95dc652d8a,https://open.spotify.com/album/485DJq4F0YVnHx0My8FZEP
RADWIMPS,https://i.scdn.co/image/ab67616d00001e02bfc76fbf58c8ef0d2267aeed,https://open.spotify.com/album/1zw13BheGzuWgbm5CY4dJp
FEEL SO BAD,,
シュノーケル,,
FENCE OF DEFENSE,https://i.scdn.co/image/ab67616d00001e0207d1a00e23a5225a7d8c0fad,https://open.spotify.com/album/6OTMeKdhF54BU84kKJhp5n
Mrs. GREEN APPLE,https://i.scdn.co/image/ab67616d00001e02d482c602732da71e7cdf04c3,https://open.spotify.com/album/3j7aiYai9ezbvxVCgrd2mb
メイヘム,https://i.scdn.co/image/ab67616d00001e028c94100fde1cf5ae89b15d2d,https://open.spotify.com/album/6a3Myddngd2f4YJl3OmMnQ
エンシフェルム,https://i.scdn.co/image/ab67616d00001e02c258e50c3534bc5f28ae55d3,https://open.spotify.com/album/2oGUxEwQvgv5RPmSAqVLGk
シド,https://i.scdn.co/image/ab67616d00001e02e81cc9cce231c0b77acbe595,https://open.spotify.com/album/1HOBqYKfa8af6ahCWoHLS1
ZI:KILL,,
175R,https://i.scdn.co/image/ab67616d00001e02094114e0dc7ba007110888d9,https://open.spotify.com/album/6pmrSKNlVCLwIbG8Mi7E4A
X JAPAN,https://i.scdn.co/image/ab67616d00001e026b09696d91a97fccaab380ed,https://open.spotify.com/album/0sCFFe9OC2kmJqkaflTQTN
ルインズ,,
TRICERATOPS,https://i.scdn.co/image/ab67616d00001e02e305efbe0cf445b22e150d02,https://open.spotify.com/album/31ds7fUScu4C3HDwsoOMDM
モダンチョキチョキズ,,
メタリカ,https://i.scdn.co/image/ab67616d00001e02cf2420c5c82d351496e8fd9e,https://open.spotify.com/album/6UwjRSX9RQyNgJ3LwYhr9i
ザ・バンド,https://i.scdn.co/image/ab67616d00001e025e9f4137cac3e875283d823e,https://open.spotify.com/album/4ALKmHXu1mRXktfcPLUGbp
イエロージャケッツ,,
スティーリー・ダン,https://i.scdn.co/image/ab67616d00001e020f3074e536531831ce766a11,https://open.spotify.com/album/2G2BFJkxBFtrbP83LmCtpb
リトル・フィート,,
Scandal,https://i.scdn.co/image/ab67616d00001e022a4fbbf1c840574b738a2f09,https://open.spotify.com/album/0wI2QMhhTC96nq0q2XrFtM
C-C-B,https://i.scdn.co/image/ab67616d00001e02749fd368e6009f9c27b7ee29,https://open.spotify.com/album/4j7FxcZtRrUjgGjXnJtrpX
ナイトメア,https://i.scdn.co/image/ab67616d00001e02e0f57c9347b5e9018fcf0879,https://open.spotify.com/album/769U5wLg69SY40kHlbtH4C
ザ・ストーン・ローゼズ,https://i.scdn.co/image/ab67616d00001e02f166d26426702aae822d0080,https://open.spotify.com/album/3DE7aixVSE6DZ6ALYIztT0
トウェニーー・ナイン　,,
La'cryma Christi,,
クイーン,https://i.scdn.co/image/ab67616d00001e0290a7483dce8b54a9557adfad,https://open.spotify.com/album/4wYe26p1N110qVsKVlb0rL
フェイム・スタジオ,,
エヴァネッセンス,https://i.scdn.co/image/ab67616d00001e0282b7dfc9f63df418fdf5ef26,https://open.spotify.com/album/4E9a01qX16n2B4TqSTL4Ed
ソフト・マシーン,,
ストラトヴァリウス,https://i.scdn.co/image/ab67616d00001e02c53d6c085439786bc49df596,https://open.spotify.com/album/6uuxmCBuVyARebEWw4Fr34
タワー・オブ・パワー,https://i.scdn.co/image/ab67616d00001e0253e2a78eef5eb3f2b15046c9,https://open.spotify.com/album/4TLPiW46KqXQ1ILO41fWKt
藍坊主,https://i.scdn.co/image/ab67616d00001e02ab37ab364639c351baa132ca,https://open.spotify.com/album/1Bwyx57PK5sM9vhHTNGHGi
HEMIS,https://i.scdn.co/image/ab67616d00001e022881cbecd86b6aa067060bb1,https://open.spotify.com/album/5nP9vYCBCI6fGHfEcDcpJn
back number,https://i.scdn.co/image/ab67616d00001e0224c15c63978e07e0373d081c,https://open.spotify.com/album/27rcU97O2uIbnfOFgZmMvo
ずっと真夜中でいいのに。,https://i.scdn.co/image/ab67616d00001e02f5c5c21c1bd67ae9fc86064c,https://open.spotify.com/album/1mtciArMoiLPqOdflY5dWQ
ザ・ゴールデン・カップス,https://i.scdn.co/image/ab67616d00001e025afa9d5226c64c5997352ebe,https://open.spotify.com/album/2Eqlj24dqUJ0VfWdUi0Orj
ZAZENBOYS,,
スガシカオ,https://i.scdn.co/image/ab67616d00001e025d2a3d16686e8a8549017198,https://open.spotify.com/album/5RdIpZVqtZq1PgFgzflemY
スタックス,,
ハンマーフォール,https://i.scdn.co/image/ab67616d00001e022136bc1613881b93da81107e,https://open.spotify.com/album/1XkIfWIclvkWkHjjrRJSkM
ロキシー・ミュージック,https://i.scdn.co/image/ab67616d00001e02f5809fe83ff034fceb95ed8b,https://open.spotify.com/album/754odrj4YJ5uQuUm459u4G
グリーンスレイド,,
JUDY AND MARY,https://i.scdn.co/image/ab67616d00001e02aea8d46beb3c0617ea919f0a,https://open.spotify.com/album/2Yc27wLPsSSe2SnZ1fZZYp
JUDE,https://i.scdn.co/image/ab67616d00001e02214afd8929094a4c6666ad29,https://open.spotify.com/album/2KNwG1TImDOCpS80hWrVEl
森下玲可,,
オールウェイズ,,
グッドラックヘイワ,https://i.scdn.co/image/ab67616d00001e022d6d84fe6b73e5bbea316634,https://open.spotify.com/album/7nv3Vhh4rxdjDDH4inBs2w
中村佳穂,,
YUI,https://i.scdn.co/image/ab67616d00001e020ac9279e86ad69075ce145ae,https://open.spotify.com/album/7oFXZn1oIDp42NzsQBYt3I
BROADWAY,https://i.scdn.co/image/ab67616d00001e023ce87d660a49f7bc5f855dfc,https://open.spotify.com/album/0Rez9DdIW4HGnt4fQ6L0CV
ピカデリー・サーカス,,
スティング,https://i.scdn.co/image/ab67616d00001e026604e77039c16ed64513a8f4,https://open.spotify.com/album/5EG7zLDM8bFjyvddqYMrqJ
DEEN,https://i.scdn.co/image/ab67616d00001e022d7f22cd3440f384f42bf470,https://open.spotify.com/album/0n8geW8QxzzcJdBDRnQMGB
パラダイス・ロスト,https://i.scdn.co/image/ab67616d00001e028def098302b73eed1044c7fa,https://open.spotify.com/album/2Usbb1Ao4tpzDY0IbIQHqB
ジェファーソン・スターシップ,https://i.scdn.co/image/ab67616d00001e020b61728b62f457a48cde4418,https://open.spotify.com/album/4j1UsZs79r2vKITURnVuQR
渡辺美里,https://i.scdn.co/image/ab67616d00001e028e53e8f448eb2d2e12b2b4a2,https://open.spotify.com/album/7Kg8ANAbKzFUicUIvCHQLg
PYG,https://i.scdn.co/image/ab67616d00001e022a4a54bce407fa8d92e8730c,https://open.spotify.com/album/0olnhA8XVABVYTbC4XM78b
SELKIE,https://i.scdn.co/image/ab67616d00001e02d4c9cbd64dda95b3496fd3c7,https://open.spotify.com/album/61GxM516CqQqqI9wzJt1dF
A.B.C,https://i.scdn.co/image/ab67616d00001e02c1c3555b90d7801a492df1a3,https://open.spotify.com/album/5OTNq5B2Ngore5oeC7bomt
DON'T LOOK BACK,https://i.scdn.co/image/ab67616d00001e022028e114b2b4cb0b5d0a5969,https://open.spotify.com/album/41lOs7dy3e4AIfqOUITtiW
スペクトラム,https://i.scdn.co/image/ab67616d00001e025323abe5e1042c00bc3349bf,https://open.spotify.com/album/53uCiVW6BYNSfDLWkSdDsf
ポルノグラフィティ,https://i.scdn.co/image/ab67616d00001e02da01137bf3a1e0fb7c250090,https://open.spotify.com/album/4nbC4GngIsmsmjZ3BNNBEl
エイジア,https://i.scdn.co/image/ab67616d00001e0220f2dba7384f9afe56091cda,https://open.spotify.com/album/3R3To9IRiIr6FVj01Td3Xy
スワロー・ザ・サン,https://i.scdn.co/image/ab67616d00001e02d69ecf219930aa39a1703f68,https://open.spotify.com/album/5RuHZCFV4cYtFIrj4NIXek
KELUN,https://i.scdn.co/image/ab67616d00001e02d9239752d0a35b577ba887ba,https://open.spotify.com/album/6jCTpdGuYpqyYlhn9iTUHm
ムーンライダーズ,,
The 3peace,,
ももいろクローバーZ,https://i.scdn.co/image/ab67616d00001e02e3a4dd12902c1beb83d2be83,https://open.spotify.com/album/7qDvK6g3oQlh8UYo9Xc25g
VANILLA,https://i.scdn.co/image/ab67616d00001e02972b6e80ccca6826a23df35c,https://open.spotify.com/album/0WTAuyn1OXLS7CPdajt99f
星野源,https://i.scdn.co/image/ab67616d00001e0207831685d7f988332899529a,https://open.spotify.com/album/2GP1RmB0LvvuXOwOmrtG86
CRAZE,https://i.scdn.co/image/ab67616d00001e02684d444fa0044b5d84e88fb4,https://open.spotify.com/album/1benkhgmNrNQuKIrPmJ3xg
KCB,https://i.scdn.co/image/ab67616d00001e024be646aa2f42530e7f3fcd13,https://open.spotify.com/album/0SRwM514uhwkbdQVIDQubG
Far East Club Band,,
thee michelle gun elephant,https://i.scdn.co/image/ab67616d00001e02c1c278fe9e8739e446ea841b,https://open.spotify.com/album/2nSebK94JrTWudMtkvoS6S
AIR,https://i.scdn.co/image/ab67616d00001e02401fc5c26a2d4ef2574141cc,https://open.spotify.com/album/2UNi3CspnTNqTkLRCxd4Yv
JB's,,
三枝夕夏 IN db,https://i.scdn.co/image/ab67616d00001e02f8ce442c77ae144251fde541,https://open.spotify.com/album/0whE1NCtI1358JYn0TNtQn
ゴドレイ&クレーム,https://i.scdn.co/image/ab67616d00001e02dde846988ac7c7917df73491,https://open.spotify.com/album/4hKYJ3tPIr8Ab92hnRyACb
PE'Z,https://i.scdn.co/image/ab67616d00001e02f1f3927eaa964de91ce432a7,https://open.spotify.com/album/5FtynKyrY8JBixFgwUpXhJ
はやぶさジョーンズ,,
POTSHOT,https://i.scdn.co/image/ab67616d00001e028a123d107364f247b1225dde,https://open.spotify.com/album/0QYpfMbRVZAMCuIbqPkou0
ディオ,https://i.scdn.co/image/ab67616d00001e022a565bf1e827f6e65c96bbfb,https://open.spotify.com/album/6tXAizr8Jira8h88pHpDEc
ZIGZO,https://i.scdn.co/image/ab67616d00001e02cc8674908c7abe5a0e0b384f,https://open.spotify.com/album/4gNirpuhI9WAl5k30rbjNQ
ART-SCHOOL,https://i.scdn.co/image/ab67616d00001e0259d362e09438337d52259f52,https://open.spotify.com/album/2Zjoq94O4pZZW1cpNxGl6V
The BONEZ,https://i.scdn.co/image/ab67616d00001e02985791cca8c272e5a364f78c,https://open.spotify.com/album/660LlaSFIjdfpzi7pwBjs1
the pillows,https://i.scdn.co/image/ab67616d00001e0211ab3641cf2de66d590181f1,https://open.spotify.com/album/0FIBlUrfFwXPw5DkYIlSxw
阿部真央,https://i.scdn.co/image/ab67616d00001e0226c4d5e34a84ace0b6f435bc,https://open.spotify.com/album/0LNyZXjOlnF0ZSzUxN9pF6
オアシス,https://i.scdn.co/image/ab67616d00001e029ce08b49716a8e36f7baf5d4,https://open.spotify.com/album/2jAVKPE49R8HwPPbY1vdSs
ゆらゆら帝国,,
Draft King,https://i.scdn.co/image/ab67616d00001e0211e99e030fc0d15b3504f99b,https://open.spotify.com/album/3a8VeBmrbw5lXWzm5uUg5v
吉田拓郎,https://i.scdn.co/image/ab67616d00001e026b62f7aefba0f728deb1c5b3,https://open.spotify.com/album/3mR3dtqog5trb5QYVpjWxu
ドンキーカルテット,,
BULL ZEICHEN 88,https://i.scdn.co/image/ab67616d00001e0251235156761b5b6ba989b167,https://open.spotify.com/album/5wg0ZLhUWZSmpYnlz8xdjQ
ザ・シー・アンド・ケイク,,
ジンサク,,
ロブ・ゾンビ,https://i.scdn.co/image/ab67616d00001e02928108f62467c9eedea6e1bb,https://open.spotify.com/album/1IaJD3LbEBdVMBSS8UH07e
la la larks,https://i.scdn.co/image/ab67616d00001e027dc343ffa394535134b6d492,https://open.spotify.com/album/1mzOfpQUVO5mAKEuhWHbfQ
ソイルワーク他,,
イエロー・マジック・オーケストラ,https://i.scdn.co/image/ab67616d00001e029f3bf5f6fd3267eb0f8e2619,https://open.spotify.com/album/2kztjwp2mUE6Ak9EDHMxUr
Angelo,,
大野克夫バンド,,
甲斐よしひろ,https://i.scdn.co/image/ab67616d00001e02e3271091ebaeb4a78eb6e255,https://open.spotify.com/album/21pEqsMtkHrYbKiuV9hS4R
宮本浩次,,
ザイクロン,,
ブラッドバス,,
CO-CóLO,,
鶴ヶ屋,,
平井堅,https://i.scdn.co/image/ab67616d00001e022643825ef9ba59e2118472c4,https://open.spotify.com/album/7JAM66YWBWKjYiqDU4oczq
グリップ・インク,,
ホワイトスネイク,https://i.scdn.co/image/ab67616d00001e021845792718268652545ec07a,https://open.spotify.com/album/0JiUAkdecvLfciiX3D9JjV
RittZ,https://i.scdn.co/image/ab67616d00001e023b2a050da137de14c852ee1e,https://open.spotify.com/album/7EEM0swlBM3CKsoMJv728i
Ark Storm,,
VOLA&THE ORIENTAL MACHINE,,
NICKEY & THE WARRIORS,https://i.scdn.co/image/ab67616d00001e0275c110de85e72730dc07cd6f,https://open.spotify.com/album/6R9lzkbDtOojUaYmxEDmca
THE PREDATORS,https://i.scdn.co/image/ab67616d00001e02b26c358ee6c90ad3177f90d5,https://open.spotify.com/album/23fFTN4z4qtupXQGaytT16
シャクシャイン,,
13CATS,,
STRAY PIG VANGUARD,,
センチメンタル・シティ・ロマンス,https://i.scdn.co/image/ab67616d00001e026aa8e3bd6f6997144d5c2564,https://open.spotify.com/album/1LS0kgWpf45VoASi2hMjnY
Lisa,https://i.scdn.co/image/ab67616d00001e02803634ff90c3467ed8595b4e,https://open.spotify.com/album/6wfyHXVMQqmEP1c7hA9snr
Synchronized DNA,,
阿川泰子,https://i.scdn.co/image/ab67616d00001e0290bcfaed9d8f3bf794b83fe4,https://open.spotify.com/album/52qmq0XilSmOHfTBOcFaaS
本多俊之ラジオクラブ,,
テロライザー,,
萩原健一アンドレマルローバンド,,
レイジー,https://i.scdn.co/image/ab67616d00001e0243c0659c24df983ba3eeef7f,https://open.spotify.com/album/3KIqTY2slcZLrWErQ6Rli4
JAM Project,https://i.scdn.co/image/ab67616d00001e026d74d5c674f5a5a2dc742204,https://open.spotify.com/album/5tvpTZsLJoTCxw57vPIsAn
ハットフィールド・アンド・ザ・ノース,,
SFN,https://i.scdn.co/image/ab67616d00001e02643c5b497b2a66cd31a5657f,https://open.spotify.com/album/6AXhtOMy83JKOBU8l8h6KX
X.Y.Z.→A,https://i.scdn.co/image/ab67616d00001e028c22e7803f17300690cae442,https://open.spotify.com/album/3xbFePZKCPcRuQAYPUwzbK
ブランドX,https://i.scdn.co/image/ab67616d00001e02ab735ebcc9dbff53311a9897,https://open.spotify.com/album/30TXeBKIihOwhnzttTA4CX
1349,https://i.scdn.co/image/ab67616d00001e02ad7f2a15808e0d04a4884faf,https://open.spotify.com/album/5Q91ERCu0wowzGbZpomJML
エレクトリック・ライト・オーケストラ,https://i.scdn.co/image/ab67616d00001e026812c5d2d11e1ba51170a22b,https://open.spotify.com/album/6U9L0ZDsCgNFTW7H7NPizN
マイクロコズム,,
BEAT CRUSADERS,https://i.scdn.co/image/ab67616d00001e02f895da333a028221a7f790a0,https://open.spotify.com/album/0eePtOf3UmWe74TMXv74nw
つるの剛士,,
KUWATA BAND,https://i.scdn.co/image/ab67616d00001e0252ff1afcf2647ae9ed941b16,https://open.spotify.com/album/1yNhDFuxUDsdBoF6qfRIRt
アイナジエンド,,
筋肉少女帯,,
FIRST IMPRESSION,,
hide with Spread Beaver,https://i.scdn.co/image/ab67616d00001e02fb8b3ff4015de7b10ed94464,https://open.spotify.com/album/3F1eAeJJooeny5QUXDCvCD
斉藤和義,https://i.scdn.co/image/ab67616d00001e02a26168dae08be619520ac75f,https://open.spotify.com/album/2t792A3o67c097rgS9BdCp
ベッキー♪♯,https://i.scdn.co/image/ab67616d00001e027942f781c1d6d7c0ae5f5886,https://open.spotify.com/album/6z5MXIujzpBAb5nOet47vU
銀杏BOYZ,https://i.scdn.co/image/ab67616d00001e02c1023e5b8c8db3021d7ba8a3,https://open.spotify.com/album/02oMXyO7O6Xz0yJ3VwOXkX
アンジェラアキ,https://i.scdn.co/image/ab67616d00001e02e3449e43f77f18b957966edc,https://open.spotify.com/album/0KwCx1tMvc5k2bKDW4VSo7
JAZZ MASTER,,
INSPION,https://i.scdn.co/image/ab67616d00001e022270aaf67dc1bd71bacee9f8,https://open.spotify.com/album/0P9NDUuT9QNYttCXgMqjmJ
サド・ジョーンズ・メル・ルイス楽団,,
福山雅治,https://i.scdn.co/image/ab67616d00001e02a7521de33a43dd7897c8b284,https://open.spotify.com/album/7BZxOsz7dWX1Ks1jSEHDkC
アークチュラス,,
ワルタリ,,
DIE IN CRIES,,
V2,https://i.scdn.co/image/ab67616d00001e020e27d71be801bd59056f771f,https://open.spotify.com/album/1DZJatWvFYw19mljVAbH8i
ROVO,https://i.scdn.co/image/ab67616d00001e0287a36b202c16ffe2cc3fcd51,https://open.spotify.com/album/65NiyDKursJXVlAlGIkh1V
RX,,
マシーナ,,
マッチング・モール,,
ソリューション .45,,
Ron E Beck,https://i.scdn.co/image/ab67616d00001e02feed521129c370da56e3e2e8,https://open.spotify.com/album/1dyE8muFTUWlThJKNPW73B
水瀬いのり,https://i.scdn.co/image/ab67616d00001e0246a851370473f9055c752b5e,https://open.spotify.com/album/1Rik1MUuJmTUEQSafVhHr0
BEYONDS,https://i.scdn.co/image/ab67616d00001e0293eda727476783705f697d66,https://open.spotify.com/album/2vUpqhc17HukJ1AnhqIco7
Salyu,https://i.scdn.co/image/ab67616d00001e02f0d63107576a5d07228d83e5,https://open.spotify.com/album/5BMwafqsGsIq7JrcIE7ybq
ルースターズ,,
Awesome City Club,https://i.scdn.co/image/ab67616d00001e0276bc5024ffe2a210a4f29064,https://open.spotify.com/album/5l8iMA7CHhjZvkS5083OR5
エキゾティクス,,
ザ・ホーンテッド,,
川本真琴,https://i.scdn.co/image/ab67616d00001e02005e598149c5733aa73f73c5,https://open.spotify.com/album/7JvaNU5JqwdIiLMlUBhxxC
ザ・ホーボーキングバンド,,
THE BIG HIP,https://i.scdn.co/image/ab67616d00001e02884a4223d6e46815613a38f9,https://open.spotify.com/album/3gQ81whI6Lo8HfgSK5KS26
ジェット機,,
Do As Infinity,https://i.scdn.co/image/ab67616d00001e02ad08c065868416809a72b4b9,https://open.spotify.com/album/597OD8g8RGOaKo5ywQ7E50
Soma,,
H ZETTRIO,https://i.scdn.co/image/ab67616d00001e02f80e6d558894e3390c3ed845,https://open.spotify.com/album/0UDOcS1jMBweDDsF2qWXQp
The ピーズ,,
モンドグロッソ.,,
熱帯JAZZ楽団,,
Yuka & Chronoship,https://i.scdn.co/image/ab67616d00001e0261e26ee55178b52c2b131c17,https://open.spotify.com/album/6g4Vs35ibBvKnRLfOLyBZi
エンスレイヴド,https://i.scdn.co/image/ab67616d00001e02058fbe049547b45fcde25695,https://open.spotify.com/album/1gf4tdMN4aMMYEkXeUJTKG
CHARA,https://i.scdn.co/image/ab67616d00001e0209a7a5a51ecf5fd2c689b65d,https://open.spotify.com/album/1vAxNYlpSqturPCTgdOdXg
BLANKEY JET CITY,,
こまっちゃクレズマ,,
FAKE?,,
miwa,https://i.scdn.co/image/ab67616d00001e023999a31618ca26ccb0633c9e,https://open.spotify.com/album/1aPjndG3oYfYTeun4OeFFu
SLY,,
Ayumo&KYC,,
FLATBACKER,https://i.scdn.co/image/ab67616d00001e0257f6076ee575a0a26b675bcf,https://open.spotify.com/album/51WXXRW7bqcyXTyBaQA3ZO
高橋ひとみ,https://i.scdn.co/image/ab67616d00001e025fc4dabc2ca8fd08028f1a93,https://open.spotify.com/album/0n8PzaVHCrjPlhg7VybyQ2
ZIGGY,https://i.scdn.co/image/ab67616d00001e02dd535858a56bc511f33015df,https://open.spotify.com/album/1H93ygpoMrKyw9EpCw3AlI
浜崎あゆみ,https://i.scdn.co/image/ab67616d00001e0227fbc6e72699441de13320cb,https://open.spotify.com/album/4CablfTCtnFPIvXYqyUdn9
森友嵐士,https://i.scdn.co/image/ab67616d00001e020e5d51acb1008b65f01c2d05,https://open.spotify.com/album/7oiMRoqqMWEfG21UL7Xfwy
森広隆,https://i.scdn.co/image/ab67616d00001e028bf98d2d91dbb97d65eec0d8,https://open.spotify.com/album/7cW8v8RyucoY5p1RuXPZGS
globe extreme,,
DATE COURSE PENTAGON ROYAL GARDEN,https://i.scdn.co/image/ab67616d00001e0267866cfb4a3a3781730964bd,https://open.spotify.com/album/6Bxz3my0NmxwF2V9MXUYfn
CANTA,https://i.scdn.co/image/ab67616d00001e029464acfa16fc0642cc3e6025,https://open.spotify.com/album/41YR3CbFveuVByuUaM8X2Y
奥井雅美,,
秦基博,https://i.scdn.co/image/ab67616d00001e0247df82fe31b0e4e0f897e22f,https://open.spotify.com/album/1mOLA2DZpudlI6jwQWwUP5
MiChi,https://i.scdn.co/image/ab67616d00001e021b72983385af7d740c320ec2,https://open.spotify.com/album/70UVPKtG9OpUEOJZt9zyrm
クレイドル・オブ・フィルス,https://i.scdn.co/image/ab67616d00001e0280a5c46c97474406e67d8064,https://open.spotify.com/album/51yy7fZaOrnD33sRlDxY4U
ジャーニー,https://i.scdn.co/image/ab67616d00001e02571a8e8a19b051d81ab8ccc9,https://open.spotify.com/album/0xkSGkBIBRETnFWsp2VOGR
KenKen of INVADERS,,
布袋寅泰,https://i.scdn.co/image/ab67616d00001e02be2690c10acd83c5d12be4a6,https://open.spotify.com/album/5K6odZrL1WNV3KGTkQuEAS
LOSALIOS,,
KIKI BAND,,
INORAN,https://i.scdn.co/image/ab67616d00001e02aa269e0f5fce8d09e71c18e5,https://open.spotify.com/album/1LjYB4C6TcIepNfVdobZAb
supercell,https://i.scdn.co/image/ab67616d00001e023f478c61f9f868d77098b5fa,https://open.spotify.com/album/4FaAd5JbAawLafdAskIX1V
Happy Aliens,,
RIDER CHIPS,https://i.scdn.co/image/ab67616d00001e02681221528f3f1d42cab4ded0,https://open.spotify.com/album/6I6DVTJPaxOCtMvxs1oUzQ
松井常松,https://i.scdn.co/image/ab67616d00001e028ba4250bf7e7f81170c3a0ca,https://open.spotify.com/album/7Ib954T2JKfLaiXDHnDKoX
Violet UK,,
ブルヘリア,,
Micro,,
THE STAR CLUB,https://i.scdn.co/image/ab67616d00001e0249f11c9751bae67348926134,https://open.spotify.com/album/2gyXxbXriawm109FNvJr7q
ヤプーズ,,
S.K.I.N.,,
the 原爆オナニーズ,,
DracoVirgo,https://i.scdn.co/image/ab67616d00001e02bab9ddcee5497bf442eb16b4,https://open.spotify.com/album/6ehOxrK5odKKBGzO2lokr0
Spitz,https://i.scdn.co/image/ab67616d00001e02622ca4b0159cc73e9c7c1c57,https://open.spotify.com/intl-ja/album/5u95y591xPiCFY3UI5gHqY
大野克夫,,
井上堯之バンド,,