drummer_name,artist_name
アート・テイラー,
アート・ブレイキー,
アイアート・モレイラ,
アイ高野,"ザ・カーナビーツ, ザ・ゴールデン・カップス"
青木達之,東京スカパラダイスオーケストラ
青山純,"THE SQUARE, プリズム"
浅野良治,ゴダイゴ
麻生祥一郎,
アヒト・イナザワ,"NUMBER GIRL, ZAZENBOYS, BEYONDS"
阿部薫,水樹奈々
あらきゆうこ,"あらきゆうこ, スガシカオ, Salyu, 秦基博, くるり"
アラン・ホワイト,"プラスティック・オノ・バンド, イエス"
アル・ジャクソン,"MGS, スタックス"
アール・パーマー,
アル・フォスター,
アレックス・アクーニャ,
アレックス・ヴァン・ヘイレン,ヴァン・ヘイレン
アンダース・ヨハンソン,"ライジング・フォース, ハンマーフォール"
アンディ・スターマー,ジェリーフィッシュ
アンディ・ニューマーク,"スライ&ザ・ファミリー・ストーン, ロキシー・ミュージック"
アンドリュー・マカロック,"キング・クリムゾン, グリーンスレイド"
アンディ・ウォード,キャメル
アントニオ・サンチェス,
アントン・フィグ,
イアン・ウォーレス,キング・クリムゾン
イアン・ペイス,ディープ・パープル
イェスパー・ストロムブラード ,イン・フレイムス
五十嵐公太,"T.V., JUDY AND MARY, 水樹奈々"
池畑潤二,"HEAT WAVE, JUDE, ルースターズ"
Isao Cato,"JAPA Bloco, 森下玲可"
石川晶,
伊地知潔,ASIAN KUNG-FU GENERATION
伊藤薫,"チューリップ, オールウェイズ"
伊藤大助,クラムボン
伊藤大地,"SAKEROCK, グッドラックヘイワ"
猪俣猛,
伊吹文裕,"あいみょん, 中村佳穂, Awesome City Club, ずっと真夜中でいいのに。"
今村舞,"SUPER EGG MACHINE, YUI, 阿部真央, MiChi"
IWASAKI,FLOW
岩田ガンタ康彦,"AIRBLANCA, BROADWAY"
インゴ・シュヴィヒテンバーグ,ハロウィン
上田雅利,"チューリップ, ピカデリー・サーカス, オールウェイズ"
植田芳暁,ザ・ワイルドワンズ
上原彰兼,ロードオブメジャー
上原裕,"村八分, シュガー・ベイブ, エキゾティクス, CO-CóLO"
ヴァーネル・フォーニア,
ヴァルグ・ヴィーケネス,バーズム
ヴィットーリオ・シクバルディ,
ヴィニー・アピス,
ヴィニー・カリウタ,"フランクザッパ, スティング"
ウィリー・ボボ,
ヴェサ・ランタ,
内田稔,
宇津本直紀,"ZYYG, DEEN"
宇乃かつを,
浦山一悟,ACIDMAN
ウリ・カッシュ,"ガンマ・レイ, ハロウィン"
エイドリアン・アーランドソン ,"アット・ザ・ゲイツ, パラダイス・ロスト, ザ・ホーンテッド, クレイドル・オブ・フィルス, ブルヘリア"
英竜介,THE BLUE HEARTS
エインズレー・ダンバー,"マザーズ・オブ・インヴェンション, ジェファーソン・スターシップ, ホワイトスネイク, ジャーニー"
江川ゲンタ,山崎まさよし
江口信夫,"河口恭吾, 渡辺美里, 川本真琴"
江島啓一,サカナクション
エットレ・リゴッティ,ディサルモニア・ムンディ
衛藤浩一,THE GOOD-BYE
エド・ウドハス,ゼブラヘッド
エド・グラハム,ザ・ダークネス
江藤良人,orange pekoe
エリック・カー,KISS
エリック・シンガー,"ブラック・サバス, KISS"
エリック・ハーランド,ヴォイジャー
エルヴィン・ジョーンズ,
大口広司,"ザ・テンプターズ, PYG"
大久保敦夫,
大倉忠義,関ジャニ∞
大坂昌彦,
大島賢治,"THE HIGH-LOWS, SELKIE"
大橋彩香,Poppin'Party
大間ジロー,"オフコース, A.B.C"
小倉誠司,flumpool
小田原豊 ,"レベッカ, DON'T LOOK BACK, ザ・ホーボーキングバンド"
岡本郭男,"愛奴, スペクトラム"
"小畑""PUMP""隆彦","すかんち, ポルノグラフィティ"
オマー・ハキム,ウェザー・リポート
オルヴェ・エイケモ,イモータル
カーマイン・アピス,ヴァニラ・ファッジ
カール・サンダース,
カール・パーマー,"エマーソン・レイク・アンド・パーマー, エイジア"
カールトン・バレット,ボブ・マーリー&ザ・ウェイラーズ
戒,the GazettE
カイ・ハフト,"ウィンターサン, スワロー・ザ・サン"
柿健一 ,STANCE PUNKS
梶谷雅弘,"KOHL, KELUN"
かしぶち哲郎,"はちみつぱい, ムーンライダーズ"
梶原徹也,"THE BLUE HEARTS, The 3peace, THE BIG HIP"
KAZUSHI,Kill=slayd
加藤健治,
加藤茶,ザ・ドリフターズ
かどしゅんたろう,MR.ORANGE
金山典世,ツヅリ・ヅクリ
金子ノブアキ,RIZE
Kami,MALICE MIZER
かみじょうちひろ,9mm Parabellum Bullet
上領亘,グラスバレー
亀井亨,GRAPEVINE
カレン・カーペンター,カーペンターズ
川口千里,"川口千里, ももいろクローバーZ"
川西幸一,"ユニコーン, VANILLA, ジェット機"
川原洋二,Sound Schedule
川村恵里加,Whiteberry
河村カースケ智康,"椎名林檎, 星野源, Do As Infinity, Salyu"
キース・ヌードセン,ドゥービー・ブラザーズ
キース・ムーン,ザ・フー
菊住守代司,キャプテンストライダム
菊地英二,THE YELLOW MONKEY
菊地哲,"D'ERLANGER, CRAZE"
木田高介,ジャックス
北尾一人,"ORANGE RANGE, KCB"
木村万作,"プリズム, Far East Club Band"
きりばやしひろき,叫ぶ詩人の会
工藤義弘,EARTHSHAKER
クハラカズユキ,"The Birthday, thee michelle gun elephant"
熊谷徳明,"トリックス, カシオペア"
粂井宏昭,"SCREAMING SOUL HILL, AIR, Soma, KenKen of INVADERS, Micro"
クライド・スタブルフィールド,"ジェームスブラウン, JB's"
倉澤圭介,PAMELAH
クリス・スレイド,"ザ・ファーム, AC/DC"
クリスチャン・ヴァンデ,マグマ
クリストファー・パーカー,スタッフ
車谷啓介,"New Cinema 蜥蜴, 三枝夕夏 IN db"
GRACE ,沢田研二
グレゴリー・ハッチンソン,グレゴリー・ハッチンソン
グレッグ・エリコ,スライ&ザ・ファミリー・ストーン
グレッグ・ビソネット,
黒瀬蛙一,flow-war
ケニー・クラーク,
ケニー・ジョーンズ,
ケヴィン・ゴドレイ,"10cc, ゴドレイ&クレーム"
小泉貴裕,KANA-BOON
小泉拓,クリープハイプ
航,"LOVE BELL BACK LINE, PE'Z, H ZETTRIO"
KOUICHI,10-FEET
コージー・パウエル,レインボウ
KO-HEY,Skoop On Somebody
國分建臣,"ハートバザール, はやぶさジョーンズ"
小橋琢人,FIELD OF VIEW
小林雅之,"JUN SKY WALKER(S, POTSHOT"
小柳昌法,リンドバーグ
斉藤光子,GO-BANG'S
サイモン・フィリップス,TOTO
サイモン・ライト,"AC/DC, ディオ"
坂井俊彦,tacica
﨑山龍男,Spitz
sakura,"L'Arc〜en〜Ciel, ZIGZO"
桜井誠,Dragon Ash
櫻井雄一,"LUNKHEAD, ART-SCHOOL"
佐々木隆,カシオペア
ササキ・ユタカ,HELDEN TUM
ZAX,"Pay money To my Pain, The BONEZ"
SASSY,"DracoVirgo, HIGH and MIGHTY COLOR"
佐藤栄太郎,indigo la End
佐藤奏,
佐藤シンイチロウ,"KENZI&THE TRIPS, the pillows, The ピーズ"
佐藤貴志,サザーランド
佐野康夫,"aiko, 阿部真央, モンドグロッソ."
沢木優,THE POWERNUDE
ザック・スターキー,"ザ・フー, オアシス"
サンコンJr.,ウルフルズ
サンディ・ウェスト,ランナウェイズ
椎野恭一,"AJICO, JUDE"
シーラ・E,
ジーン・クルーパ,ベニー・グッドマン楽団
ジェット・ブラック,ストラングラーズ
シェーン・ガラース,"コズモスクアッド, B'z"
ジェフ・ハミルトン,クレイトン＝ハミルトン・ジャズ・オーケストラ
ジェフ・バラード,
ジェフ・ポーカロ,TOTO
ジェフ・ワッツ,
シェリー・マン,
ジェレミー・ステーシー,キング・クリムゾン
柴田一郎,"かかし, ゆらゆら帝国"
SHIHO,"ステレオポニー, Draft King"
島村英二,"松田聖子, 吉田拓郎"
ジミー・コブ,
ジミー原田,ジミー・エバンス & ヒズ・オーケストラ
ジム・ケルトナー,
ジム・ゴードン,
ジャイアント吉田,"ザ・ドリフターズ, ドンキーカルテット"
ジャギ古川CAP,聖飢魔II
シャグラット,ディム・ボルギル
ジャッキー吉川,ジャッキー吉川とブルーコメッツ
ジャック・ディジョネット,
shuji,Janne Da Arc
淳士,"SIAM SHADE, BULL ZEICHEN 88"
ジョーイ・クレイマー ,エアロスミス
ジョージ川口,
ジョージ・コリアス,ナイル
ジョー・ジョーンズ,
リアド 偉武,"BIGMAMA, [Alexandros]"
庄村聡泰,[Alexandros]
ジョニー吉長,ピンククラウド
ジョン・スタークス,ジャボ
ジョン・ハイズマン,コロシアム
ジョン・ボーナム,レッド・ツェッペリン
ジョン・マッケンタイア,"トータス, ザ・シー・アンド・ケイク"
白根賢一,ロッテンハッツ
神宮司治,レミオロメン
神保彰,"カシオペア, ジンサク, 熱帯JAZZ楽団, Synchronized DNA"
ジンジャー・フィッシュ,"マリリン・マンソン, ロブ・ゾンビ"
ジンジャー・ベイカー,クリーム
真太郎,UVERworld
真矢 ,LUNA SEA
Shinya,Dir en grey
菅沼孝三,
鈴木さえ子,シネマ
鈴木英哉 ,Mr.Children
スチュワート・コープランド,
スティーブ・アシェイム,ディーサイド
スティーヴ・ガッド,スタッフ
スティーヴ・ジャンセン,ジャパン
スティーヴ・ジョーダン,
スティーヴ・スミス,
スティーヴ・フェローン,アベレイジ・ホワイト・バンド
スライ・ダンバー,スライ&ロビー
そうる透,3
ターキー,"GO!GO!7188, la la larks"
ダーク・ヴェルビューレン,"メガデス, ソイルワーク他"
太我,Non Stop Rabbit
田嶋悟士,ガガガSP
高田政良,KUMACHI
高野真太郎,CHARCOAL FILTER
高橋久美子,チャットモンチー
高橋浩司,PEALOUT
高橋宏貴,ELLEGARDEN
高橋まこと,BOØWY
高橋幸宏,"サディスティック・ミカ・バンド, イエロー・マジック・オーケストラ"
高橋ロジャー和久,X-RAY
高村佳秀,BLUE ENCOUNT
TAKEO,"PIERROT, Angelo"
田沢公大,SUPERCAR
TASSHI,Aqua Timez
tax,MONKEY MAJIK
田中清司,"井上堯之, 大野克夫"
田中裕二,安全地帯
田中一光,"B'z, 甲斐よしひろ, Yuka & Chronoship"
レイジ・タナカ,YOUR SONG IS GOOD
谷口奈穂子,アンダーグラフ
田邊昭知,ザ・スパイダース
ダニエル・セラフィン,シカゴ
ダニエル・アデア,ニッケルバック
ダニエル・アーランドソン,アーチ・エネミー
ダニエル・スヴェンソン ,イン・フレイムス
ダニエル・ユメール,
玉田豊夢,"100s, 宮本浩次"
田村はるな,晴晴゛
タリム,"エンペラー, ザイクロン, エンスレイヴド"
ダン・スワノ,"エッジ・オブ・サニティ, ブラッドバス"
チト河内,"ザ・ハプニングス・フォー, CO-CóLO"
チェスター・トンプソン,
チャーリー・ワッツ,ローリング・ストーンズ
"チャールズ・""ハングリー""・ウィリアムズ",
チャド・スミス,Red Hot Chili Peppers
チャド・ワッカーマン,
恒岡章,HI-STANDARD
つのだ☆ひろ,"サディスティック・ミカ・バンド, ジャックス"
角田美喜,SHOW-YA
鶴田加奈子,"鶴田加奈子, 鶴ヶ屋"
鶴谷智生,"平原綾香, 平井堅"
ティコ・トーレス,ボン・ジョヴィ
デイヴ・ウェックル,デイブウェックル
デイヴ・グロール,ニルヴァーナ
デイヴ・ロンバード,"スレイヤー, グリップ・インク"
ティト・プエンテ,
デヴィッド・ガリバルディ,Tower of Power
デニス・チェンバース,デニスチェンバース
テリー・ボジオ,テリーボジオ
徳永善也,チェッカーズ
栃木孝夫,THE BOOM
トニー・アレン,クーラロビトス
トニー・ウィリアムス,アルカナ
トーマス・ラング,トーマスラング
トミー・アルドリッジ,"オジー・オズボーン, ホワイトスネイク, シン・リジィ"
トミー・スナイダー,ゴダイゴ
トミー・プライス,ジョーン・ジェット&ザ・ブラックハーツ
トミー・リー,モトリー・クルー
富田京子,プリンセス・プリンセス
TOMOYA,ONE OK ROCK
Tomoi,Laputa
トラヴィス・バーカー,ブリンク182
トレ・クール,グリーン・デイ
ドン・ヘンリー,イーグルス
ナイジェル・グロックラー,サクソン
中幸一郎,"デミセミクエーバー, RittZ, CHARA, 布袋寅泰"
長井一郎,"GRANRODEO, Ark Storm"
永井利光,GLAY
中畑大樹,"Syrup16g, VOLA&THE ORIENTAL MACHINE"
中村逸人,Sunflower's Garden
中村達也,"ザ・スターリン, NICKEY & THE WARRIORS, BLANKEY JET CITY, LOSALIOS, THE STAR CLUB, the 原爆オナニーズ"
ナカヤマシンペイ,"STRAIGHTENER, THE PREDATORS"
ナラダ・マイケル・ウォルデン,
ナヲ,マキシマムザホルモン
新井田耕造,"RCサクセション, シャクシャイン, こまっちゃクレズマ, KIKI BAND, ヤプーズ"
ニール・パート,ラッシュ
ニコ・マクブレイン ,アイアン・メイデン
ニック・メイスン,ピンク・フロイド
ニック・メンザ,メガデス
にゃんごすたー,にゃんごスター
沼澤尚,"大塚愛, 13CATS"
野口薫,"GRiP, STRAY PIG VANGUARD, FAKE?, INORAN"
野口明彦,"シュガー・ベイブ, センチメンタル・シティ・ロマンス"
野崎真助,"aiko, Lisa, miwa, supercell"
則竹裕之,"T-SQUARE, Synchronized DNA"
ハーヴィー・メイソン,
長谷川浩二,THE ALFEE
長谷部徹,THE SQUARE
刃田綴色,"東京事変, RADWIMPS"
パット・トーピー,MR. BIG
パット・マステロット,キングクリムゾン
バディ・リッチ,バディリッチ
バーナード・パーディ,
ハナ肇,ハナ肇とクレージーキャッツ
林立夫,ティン・パン・アレー
"原""GEN""秀樹",NORTHERN BRIGHT
原田俊太郎,"THE SQUARE, 阿川泰子"
原田裕臣,"ゴダイゴ, 井上堯之バンド, CO-CóLO"
坂東慧,T-SQUARE
東原力哉,"ナニワエキスプレス, 本多俊之ラジオクラブ"
ピーター・アースキン,
ピーター・ウィルドアー,ダーケイン
ピーター・クリス,キッス
ピーター・テクレン ,ペイン
ピート・サンドヴァル,"モービッド・エンジェル, テロライザー"
ピート・ベスト,ビートルズ
ピート・ヨーク,
ピエール中野,凛として時雨
ピエール・ムーラン,ゴング
東佳樹,シエナ・ウインド・オーケストラ
樋口晶之,"クリエイション, 萩原健一アンドレマルローバンド"
樋口宗孝,"LOUDNESS, レイジー, SLY"
英樹,"ArmeriA, JAM Project"
日野元彦,
ピップ・パイル,"ゴング, ハットフィールド・アンド・ザ・ノース"
ビョーン・イエロッテ ,イン・フレイムス
平谷庄至,"Kemuri, SFN, Ayumo&KYC, Happy Aliens"
ビリー・コブハム,
ビリー・ヒギンス,
ビル・ブルーフォード,"イエス, キング・クリムゾン"
ビル・リーフリン,"ミニストリー, キング・クリムゾン"
廣石恵一,クレイジーケンバンド
HIROSHI,CASCADE
ファンキー末吉,"爆風スランプ, X.Y.Z.→A"
フィリー・ジョー・ジョーンズ,
フィル・コリンズ,"ジェネシス, ブランドX"
藤田浩司,
藤本健一,ZYYG
ふとがね金太,世良公則&ツイスト
ブライアン・ダウニー,シン・リジィ
ブライアン・ブレイド,
ブライアン・ベネット,シャドウズ
フランキー堺,
フリオ・キリコ,アルティ・エ・メスティエリ
フロスト ,"サテリコン, 1349"
Fuyu,RED DIAMOND DOGS
ベイビー・ドッズ,
ベヴ・ベヴァン,"ザ・ムーブ, エレクトリック・ライト・オーケストラ, ブラック・サバス"
ポール・クック,セックス・ピストルズ
ほな・いこか,"ゲスの極み乙女。, マイクロコズム"
堀之内大介,Base Ball Bear
本間大嗣,"ANTHEM, LOUDNESS, FLATBACKER"
MAH,SHAKALABBITS
マービン・レノアー,
マイク・ポートノイ,ドリーム・シアター
マイケル・ジャイルズ,キング・クリムゾン
マイケル・シュリーヴ,サンタナ
マイケル・ホサック,ドゥービー・ブラザーズ
まこと,シャ乱Q
マコト・サカモト,ザ・ティアーズ
マシータ,"NATSUMEN, BEAT CRUSADERS"
升秀夫,BUMP OF CHICKEN
舛岡圭司,"コブクロ, つるの剛士, 高橋ひとみ"
松岡昌宏,TOKIO
マックス・ローチ,
松田晋二,THE BACK HORN
松田弘,"サザンオールスターズ, KUWATA BAND"
松藤英男,甲斐バンド
松永明日斗,水樹奈々
松永俊弥,"パール兄弟, 水樹奈々"
松本隆,はっぴいえんど
松本玲二,TUBE
マルクス・ヒルヴォネン,インソムニウム
御木惇史,"あいみょん, アイナジエンド"
ミッキー・ディー,モーターヘッド
MIZUHO,ZONE
道倉康介,ZARD
湊雅史,デッドエンド
みのすけ,"有頂天, 筋肉少女帯"
三村隆史,RAZZ MA TAZZ
宮ユキオ,ザ・ジャガーズ
宮上元克,THE MAD CAPSULE MARKETS
宮田繁男,"ORIGINAL LOVE, FIRST IMPRESSION"
宮野大介,インビシブルマンズデスベッド
宮脇“JOE”知史,"44MAGNUM, hide with Spread Beaver, ZIGGY, RIDER CHIPS"
三好真美,rumania montevideo
向山テツ,"矢沢永吉, 斉藤和義, 浜崎あゆみ"
牟田昌広,"SADS, ベッキー♪♯, 森友嵐士, 松井常松"
村井守,"GOING STEADY, 銀杏BOYZ"
村石雅行,"スキマスイッチ, アンジェラアキ, 森広隆"
村上“ポンタ”秀一,"赤い鳥, JAZZ MASTER"
村上寛,ネイティブ・サン
村瀬シゲト,村八分
むらたたむ,"SORAMIMI, INSPION"
メルヴィン・パーカー,ザ・JBズ
メル・テイラー,ベンチャーズ
メル・ルイス,サド・ジョーンズ・メル・ルイス楽団
モーリン・タッカー,ヴェルヴェット・アンダーグラウンド
茂木欣一,"フィッシュマンズ, 東京スカパラダイスオーケストラ"
イクエ・モリ,DNA
森信行,くるり
矢尾拓也,パスピエ
ヤガミトール,BUCK-TICK
八木優樹,KEYTALK
ヤキ・リーベツァイト,カン
ヤスカ・ラーチカイネン,チルドレン・オブ・ボドム
ヤニ・ステファノヴィック,ディヴァインファイア
矢野博康,Cymbals
矢部浩志,カーネーション
山木秀夫,福山雅治
山口智史,RADWIMPS
山口昌人,FEEL SO BAD
山田雅人,シュノーケル
山田亘,FENCE OF DEFENSE
山中綾華,Mrs. GREEN APPLE
ヤン・アクセル・ブロンベルク,"メイヘム, アークチュラス"
ヤンネ・パルヴィアイネン ,"エンシフェルム, ワルタリ"
ゆうや,シド
yukihiro,"ZI:KILL, DIE IN CRIES, L'Arc〜en〜Ciel"
YOSHIAKI,175R
YOSHIKI ,"X JAPAN, V2, globe extreme, Violet UK, S.K.I.N."
吉田達也,ルインズ
吉田太郎,THE ALFEE
吉田佳史,TRICERATOPS
芳垣安洋,"モダンチョキチョキズ, ROVO, DATE COURSE PENTAGON ROYAL GARDEN"
ラーズ・ウルリッヒ,メタリカ
ライデン湯沢殿下,"聖飢魔II, RX, CANTA"
ラス・カンケル,
リヴォン・ヘルム,ザ・バンド
リオン・テイラー,ベンチャーズ
リッキー・ローソン,イエロージャケッツ
リック・マロッタ,スティーリー・ダン
リッチー・ヘイワード,リトル・フィート
RINA,Scandal
笠浩二,C-C-B
リンゴ・スター,ビートルズ
RUKA,ナイトメア
レニ,ザ・ストーン・ローゼズ
レニー・ホワイト,トウェニーー・ナイン　
LEVIN,La'cryma Christi
ロイ・ヘインズ,
ロジャー・テイラー,クイーン
ロジャー・ホーキンス,フェイム・スタジオ
ロッキー・グレイ,"エヴァネッセンス, マシーナ"
ロバート・ワイアット,"ソフト・マシーン, マッチング・モール"
ロルフ・ピルヴ,"ストラトヴァリウス, ソリューション .45"
ロン・ベック,"タワー・オブ・パワー, Ron E Beck"
渡辺作郎,村八分
渡辺拓郎,藍坊主
渡辺豊,"HEMIS, 水樹奈々"
栗原寿,back number
河村吉宏,"ずっと真夜中でいいのに。, 水瀬いのり, 奥井雅美"
