Name,youtube_videos
アート・テイラー,"Jc_YyKCgKak, IC7Z6Psaobw, 3vXNPOEQ3gQ, zlYaRDLlq3g"
アイ高野,"XGSiwlORs7c, x6YQ5Ya3_6o"
アート・ブレイキー,"6jQLZ5OKXks, 7UpOvIK2UlY, Ik2US9U9Osc, 264WCccnd64"
アイアート・モレイラ,"fF3DZLNEgTw, 1Q1v4YmRGVA, 2ahcONNmqq4, N2sugnzxqz4"
青木達之,"nrErS6RBiuw, eNnnSkVNSfc, 8rDg27PA5Hs, Zj5n5qkbJzQ"
青山純,"q26rRb6mgBI, bVc14ZzWp34, W7Mxwi2JiX8, NfTlId54oJE"
浅野良治,"5gSvqKgK85g, kgCdFiO9RsU, tGuEiTdidl4, dGlwAJIM-cY"
麻生祥一郎,"muWPP9oodAg, m6XVQjJQHHE, 1JJY1mHg8Vs, 1CAfU7RlcnI"
阿部薫,"DHbmAJHCh3w, QR1yB9Q2Ytw, xSecg4vSF_0, cp1E1vTbuF8"
アル・ジャクソン,"ZOSUIn0JGIo, _Bhtvx-jbgg, A1Hgfu9LmwM, URRfbNwyXZY"
アル・フォスター,"MLzD_ZMJlLA, qms9WUQATY4, ydnMOUeHmnA, sGBgH5k9W9Q"
アレックス・アクーニャ,"Rseubo-Ulag, h5kyoYkB4SE, jHnGjNIV8hM, 2T9nT1kcehQ"
アレックス・ヴァン・ヘイレン,"vybe6A_NXCo, 7sJ6pFK5DOI, JsvhSGTcRyk, x45ySj0BZjU"
伊藤大地,"Q3n0cXTMFy4, J9czhA3FzMQ, 08_Jn7VLM9Q, GZ0YbP_lIik"
アンディ・スターマー,"VpXMIsIKuGs, QhK8SmYV2nc, NJSRr72vWrk, HB_lZoXu7ww"
アンディ・ニューマーク,IWjAGMY04P4
アンドリュー・マカロック,Gf3O4XQKFwQ
アンディ・ウォード,"Tm4ZTLu09Cg, TakazuzJVPc, Q-tnvXPGXzo, 2P_3z1ydwu0"
アントン・フィグ,"T0vTcp5Bnxg, ytnIdgjTTtQ, sNruYwXuQZk, g6WPt97fUwE"
イアン・ウォーレス,"7PVW6M-xR-o, KfTbcW9YyzU, bCPRPfHVkdE, uOkSb3zwHjo"
イアン・ペイス,"B98X7aazEz4, 6t1n8I88_5U, a8uwiL9kFQs, OVlEpuDYh3g"
五十嵐公太,"K6qvp7SQX30, oP9g5Wzvjfo, 1RinktqHE7o"
池畑潤二,"Lcw3n97eqsA, fI1SWHShdVc, I-a0Aj9qOBY, n6yUe5fg1PY"
Isao Cato,"HqdTVTn2Iv4, uTc0_5W6iQY, AdtSZ7CyMZI"
石川晶,"eT5vgYt1I4I, Zq4WEu-NLGU, 5N_qZaHLWvM, yxiRXCEJ2NM"
伊地知潔,"eTnsZDvE9KM, e_eXSEIy0H8, XOOPza_rZO0, DQqEEm-pRmc"
伊藤薫,"RAorzr34PfA, tjZZRBVBHv8, puOXwBcRvtA, XqWb4qlIw-M"
伊藤大助,"Nbnr6nUfET8, kmtH4N9jtt4, FhTcTDhAJig, JAxw3Q08p4k"
ヴィットーリオ・シクバルディ,
猪俣猛,"6zke02bCXaU, AXYkC6EbTcs, hi0rPOJUHTo, 1dYbGTnNX_I"
伊吹文裕,"c8NOVEDi_qU, q7JyM-63M_g, Q2klhLAC5ek"
今村舞,"xJ7u3NyKNys, SaanAMsk9Gs, C9eMFL1rH7g"
岩田ガンタ康彦,"mswrIvVEo1c, kuYKrWm26Zo, ax4BrWEkuEk"
インゴ・シュヴィヒテンバーグ,"Wbf7sxR1D8w, YLuyHgncN8w, bweaPD4U6G4, -fOW1qFQc-c"
上田雅利,"ifPOx-BVqDo, RVRQ2ATlCHQ, vuEbyOvJ180, GjaCZVipJ4M"
上原彰兼,"o3whOgZwjkI, KtEivzc-0hc, quYyKHR7W5o, OkyaILGC-sg"
上原裕,"OvB0Ord6MT4, wNcYVTLUVco, MLurBpXn5VY"
ヴィニー・アピス,"tM7fq4k9zKg, tnsGjFv3gY4, Ynzu21biscA, ALqzdir82B4"
ウィリー・ボボ,"6kEgqRvv2Lw, Sl3vhBV7Nqw, Y4tfw2Hd4Ok, YJVacyuikbA"
ヴェサ・ランタ,"ui7jRP275sc, 16UNl5Vu6zY"
内田稔,"W60bciuM4rA, uNH7h45AGNo, Tzy6h0T0oeg, 6SLemN5gza0"
宇津本直紀,PV2bZNFn16U
宇乃かつを,"x2HNqLxzkqQ, tB_Enm4see0, E1P1fcedW_I, tfU1z_PhFmY"
浦山一悟,"Ah1GAjE3_OA, OTnaHm-9PH4, uJkTEn9CqCI, EXYTyVR1Eac"
ウリ・カッシュ,"bZIDrTawGn8, JX7U2k4jcZY, zFDfSE4wmDQ, wpmovvNFb40"
エイドリアン・アーランドソン ,"Ug5l1POu4XE, shQlSLUJ0Wk, fHvur6OAzF4"
エインズレー・ダンバー,"vfheqVT_T4c, JwkS3Q6XRgE, ZNgB9L1R6uU, v3HSdIlyuio"
江川ゲンタ,"WajUkWUA4Og, 3Jq1Dwlw6Zw, dRKV93Eustw, BVwDpZWL-v0"
江口信夫,"4Dvt_8PB3kE, -q-djyx43ic, W0HtKt3ld68"
江島啓一,"vbXRnnt4YYI, HoQD8mLXwYQ, mYvh0XYznr8, Htofq95G9C4"
衛藤浩一,"3fha9tgXg18, f0x5zL9cnB8, xCOfD837p0I, CaaHG-2B7W0"
江藤良人,"fKoVkwJxsf0, TJM5phRSnDE, HxSBbC0PFH0, qSmn7RsaJ4o"
エリック・カー,"pA55JcfNwaQ, 1euYp0yPy9g, P-H8cOdwDgM, 8x-76uU7kVA"
エリック・シンガー,"A2XA7KGxuMI, 71cEZc8Yh6k, Lynk15ktshc, hNmax8mSOrI"
エリック・ハーランド,"wVO3wLHEhT0, mrad7Il9ups, pdQWJPMeo5s"
小田原豊 ,"nKMcM1jJfUg, qkb_E9fkj70, 2XtS0FBRCzQ"
大口広司,"2KJaBBECfWE, 6C3dish7GPk, waV-3J3J1Q0, Ike4Kmf2-M4"
大久保敦夫,"FHDRFDbIr3M, Vg4tG7U25AI, oN4f_IsGsd8, DDmvwul5oGY"
大倉忠義,"t1uMb8maVpE, SZC55eh9nyU, NE2GD5-pae0, AuPkqTTatCY"
大坂昌彦,"TdgjBoYxJV4, QwTpqp72C1Q, zyh6W8YHp4M, gz6nWQpDflE"
大島賢治,"og6Ek54Q9Xk, bztW8XRWQ4w, pqQYq5b0Pms, s2ssUvgP8So"
大橋彩香,"Guf5KkUXpMk, EekwZFw-vgo, bWJdaLpvg8M, lp8A9NBhGbI"
大間ジロー,"7JXUC1jyjZg, ME7OFgThwu4, TQ9Z3yKlwuQ, LIu6P3MqbXw"
小倉誠司,"0tqzfde4YkE, xeftDh_0J-c, jvrzRMUu0MY, C1nwjIcKGfI"
小畑PUMP隆彦,z72mbKhw-_8
オマー・ハキム,"JixfzsQWZ8c, 32-dhJNKGgc, FLtwkkx-A4A, YWqlZ5f1wgc"
カーマイン・アピス,"Ixyhi-GsFsg, 7tNgotlw76o, RuisGkFcDXI, NMvy_1eD7K0"
KAZUSHI,OgOMuDHEtM8
かみじょうちひろ,vobnqkbsihs
カール・サンダース,"W8EcsfuMFUE, d6crGa7ME14, ByTLcK2EExc, OcCUob95srg"
カール・パーマー,"9ykOi2vkjus, EgOpgcq3LSQ, u0h6oVdj03E, ei2koCRB28w"
戒,"180W4zdgeSM, 8WkTJ0IWsrM, OSZakUqZPPY, NNQMEkXwSP0"
カイ・ハフト,"7zpwtWkY_Ak, OOSwv3mtS6U, WETIvzVhe_s, NmAmx0sLaJ8"
柿健一 ,"MxBx-SaSTNI, 4dzZFHkK7zY, REsiFiox7KI"
梶谷雅弘,"r4GQkgG2Ha8, Yj_3UrOTHCY, ulOYU-A5xsg"
かしぶち哲郎,"dlwsdqQNSxA, xTqMFTKvxq4, NylivMICiO8, qcBBxoveWoQ"
梶原徹也,"WT-ZdSoW1LA, tz0av7uZsLI"
加藤健治,"vsQ_RVKMnYc, yYOo-LR7wr0, 95EpQgfULig, mwJnkF_seM0"
加藤茶,"Uw1FV7mmfCQ, nAQXU17x6Bc, VLo8kegOzC4, c3LC9N2-07I"
かどしゅんたろう,"IWlLO-4po9A, 0cIyXbFM6d8, F5Y42OuZB_A, poeCxq4_zqg"
金山典世,"7dQBhLzwTn0, cXtsRJ6kyrE, GUe_tb7VEVY, fTVErt4IR1Y"
Kami,"144JlhsjMss, PodvDtfN_tU, y63US9_YET0, uBIeoJKsJfc"
菊住守代司,
上領亘,"v3DYAbwXxUY, 5qvYmxeUgkc, 8mQuap7FClw, tZRe9MELH98"
きりばやしひろき,"9c2hCUrFRcg, 5AViWv35c-I"
亀井亨,"-NpIXks01v8, LtPgSb0uD_Y, YgVW62_Utl4, ZzBOrkeZkMo"
川口千里,"AU66-aLAtsQ, BvKNsMs5_mo, rvNVwTwzjcM, E6asX910xBg"
川西幸一,"3qIBD7awllI, RYVFyBa81ww, DDXlny61Idw, KTnLlhmr6FI"
川原洋二,"pSdwhe7l8Nw, jHgDqTaCGhY, Pv2uYhXK8Tw, pRpNDFBNp80"
川村恵里加,"bPOzotM5AWs, yjtVLRX-Igc, 0Nw8F2fD_Bc, 0N0pTUuSZo0"
キース・ヌードセン,"jACC3KEbPnw, P4CygfN2fQM"
菊地英二,"d8q6b4-uYUo, 3K_vRaMLk-4, 1ao31DMq4WE, e0BXknkNh4E"
菊地哲,"_UxNOYSwv5c, 9DI99B9CnGg, D1p3BrjNVLc, xe8q6NzCnl8"
木田高介,"gvPPuDuXGBc, f8XmhsEROas, AE5R0La2GWg, MBQXTnWxLK0"
北尾一人,"4W7bbLDXo0A, rh2nB2CrWUk, 3YH5W5ETuXA, _zavmOKQNv4"
木村万作,"DNg0nzZAQP0, 5r2_LX41dOk, eAGqrWbmoKw"
工藤義弘,"CfM6JsrW60o, 1g3CY2nt-MM, 3nbUn6Ju6IA, orik_uIV80Q"
クハラカズユキ,"ZQUKON5eu90, gxCbtV0Mmjc, 6czQOG4S8qo, GY4i0sNSJHQ"
SASSY,"0IQcKFky7-E, xnnXI5fwaQ4"
粂井宏昭,NbVyJx6Avrc
クライド・スタブルフィールド,"x-xGOV7mkdo, AoQ4AtsFWVM, 3QCv2rRYLo0, OMj9wwO1yT4"
倉澤圭介,"NU15sbjHlFY, LPZmUAf7UGk, itbpYVRzpjs"
クリス・スレイド,"MtX87rInC6M, -aKj7M8-AYc, jEzW4AoqKrg, 66fe_ZVPE74"
クリスチャン・ヴァンデ,"ZHngrAiGLuc, CqCpTbokk28, FaTLwRLpY3s, LswHH2D82yk"
車谷啓介,"lSYHntaS7Ok, U7QTmEX_45E"
グレゴリー・ハッチンソン,"a174Kdds0Xo, Hm-AOMds0rI, WTIBan45qT4, 4abGc9WVY-I"
グレッグ・エリコ,"xNkQsB-elFQ, YigvNG8cL9k, sn0kFM3kUSY, Mv1QkJn2f1Y"
黒瀬蛙一,"4iZ5PBrtc90, AKm48oXjaIk, z7ruPdqd6dc"
ケニー・クラーク,"JH1uH2EBCWY, f9XoEheUqoE, sB4vSmF_JLw, I4c7SmAAiMg"
ケニー・ジョーンズ,"lv9C4oKnq80, aEffk31N10s, JfykTQy65WM, 1D_Q9MVsGFU"
ケヴィン・ゴドレイ,"PKt5C9BYvDw, 02rjLwinN2I, t4HI9pyJDcI, DhfpDKPPEFM"
小泉貴裕,"n-BiB72thlM, SgLo6GJPNjU, OFquPzLWJ5Q, I8ZD_6hYElE"
小泉拓,"TR6-4y0pfk0, kXNy72zsH2Q, ERExtszPHkk, pzwPf7ibyww"
ZAX,"sYZNRm9E6iU, bhimry4T7_w, PGRJaQaBIL8, IHGFQRHuT_4"
サイモン・ライト,"fZDksr_rjhI, WChgVWOuLbQ"
コージー・パウエル,"2VVw_eYm_Bk, GrnzBPcXi1o, ahrTtmQHt1s, d26itnU1WhM"
國分建臣,"3-nIQsd7srY, hSmOfR5YTPo"
小橋琢人,"0_WjX_QrCsE, MeBPlwVkNvs, PxRmLHobowc, S4_M8knD_7Q"
小柳昌法,"2NHjAUyTS30, xRjgayA1SQE, 7ykrl09A2JY, c3qw9fXiGVU"
斉藤光子,"EFFRN6PLiK4, MgWGQP4zaag, q5pn8YuJQL4, DJVhMXxYsgM"
サイモン・フィリップス,"J9KiuSyHez4, 9CDbx5MFepU, d6l9tVYI3Nc, VMYWXHd_0_Y"
坂井俊彦,0Q8fpWSM8YA
sakura,"Tw1ChN6fCqc, MMhxX-qjSuc, 5RMNFAtUF5E, g-pAGWg4LpI"
桜井誠,"CcBwh5apOEQ, uNlHcibqgKo, giv0mtJS62A, PIiHXGyhxN0"
佐々木隆,"9rKNeB8zWdY, lWVgiAFLAic, QENccK4Y8GY, XbbxW4odqpo"
ササキ・ユタカ,"cRZFG0o5MxA, R6EZQXMI64U, j-xUmB7rBZQ"
KOUICHI,Tnik6j7latg
小林雅之,"PO52cjfZvrs, RT18xkqmUyA, _x65EvY2Qeo"
佐藤栄太郎,"7pupV-eMIM8, 6F_yVPxBmnY, BqsygIsWeLQ, CEQtaxr6GFY"
佐藤奏,"LhCLaUYLjNQ, T-ICHFCqLkU, vOzfjD2oFog, TpZceXCRKlM"
佐藤貴志,"Z2XfbLdpGuI, ufeBpU0S5xk, WMDH1W8x1LI, vStylA4uAcE"
佐野康夫,"zwryL9cwIxg, 48ujdcOWiwk, su-AtMy9vh4"
沢木優,"B-12vIuBL_0, bIY7jVbCfQE, Hgqf2p3-4uc, gxk3wTtHvpE"
サンコンJr.,"HlZWm9OGIUQ, dsKGfmL-ldM, 5skMdFYdhQc, U2GAhQcHXtQ"
サンディ・ウェスト,"yY8C7z9skDI, GKFVWrqYT9k, Fq-00SElOiA, LunZFtqk1-M"
椎野恭一,"PZaIk-Jnwlo, iwAwZsDDp9s, kbEzFBb7Sro, SZIYt5SRJUE"
シーラ・E,"6Zqtl8azCs8, TLYbNx5eSGQ, RiD4STAUTxg, x6LAyskAyNU"
ジーン・クルーパ,"3mJ4dpNal_k, YsVJuulCmAE, hWr2g6no1rM, rlu0tD6tnjc"
ジェット・ブラック,"81Izov2_GIA, uYLRkTHZ_5U, Tasndyeiv78, oLW3Yjx1hhw"
シェーン・ガラース,"La4C6oRk0Og, 0vc-XwLRYto, -CZbmEjCbGM, 7rTSYszBCM8"
ジェフ・ハミルトン,"t6s1A32xFWk, BjYTauAerkw, gFQ8mfWm6lY, Bqdj10E07n8"
ジェフ・バラード,"Ruj-nLbVUjg, KrQth-Ek7pQ, i13eFjAy-2w, JEZ7wVq4s3g"
ジェフ・ワッツ,"AXZXdMRZzfA, 1M1URMCZOgQ, fBUFIWvv-oc, eBy792AGFEQ"
シェリー・マン,"bEr4YRNK6jM, FAPjqEai7wo, a6Nj9vKRbGM, Sl3vhBV7Nqw"
ジェレミー・ステーシー,"PmOKdYEVaow, Di3MitWg5IE, 9wTjd26Kwck, TqCThMr62fQ"
ジミー原田,"DyleX8l0kqE, VAjaAn-LDx0, CT5USb6KK6k"
ジャギ古川CAP,"U5nZKDT9DTM, Z5E9CXJgRLw, R1Jhx0WDWJA"
ジョーイ・クレイマー ,"aTCB9xBotMg, UE7FfGy6h7M, nzWDXdZuFhw"
shuji,"kwWlf1mrPCQ, W-_aUSimxcs, p-bOR5YKNJg, iKQhW_u1hIE"
柴田一郎,"jd8W3hs1Lzo, -6akakydqmM, lAn990xIb5U, v09601C-ZRU"
島村英二,"CNTgpybEvsM, BwnqmTDwTZM, 3onRz_y6xOk, 7qKxxda0EgE"
ジム・ケルトナー,"tbdzmnffuuE, Zh0QD1uwFW0, -AraUG0CZqs, vjqWtkDj9bM"
ジャイアント吉田,"VLo8kegOzC4, HDonMWZqXDU, sepuXCrT9K4, MrEYKfqnl0U"
シャグラット,"nYW8GDqFTm8, 10corz6afB0, QpO96Qv086Q, XGoak4ISCPU"
ジャッキー吉川,"zRXAB7oae6c, yaOrbbJ2elU, 6kJj_yD9Z_E, at1F7QgQdzI"
ジャック・ディジョネット,"hgZiqvjHx4k, Zb66gW9CTe8, 7HUOi29x2BY, Zco8XXclIWU"
淳士,"arYMRycoEz4, htqj6_aydh8, 1KApFateV04, QHt2yhdu8fE"
ジョージ川口,"yWOmSpeYGXo, cmgZaB2lg28, rlqXCTGW8w8, WqXIjEKjmLM"
リアド 偉武,"cNs7kuqOmdI, 10CAmTskKJI, 0UivENDhMFQ"
ジョー・ジョーンズ,"eANTTBvIXmI, AQAYo4u4OrE, fIPIc3bkYoc, mWTJCtQo3_g"
ジョニー吉長,"v_S9C9JSdxo, wJhtAN1YdmA, sBLS4vJVQ20, BtB7iJeEmkQ"
ジョン・ハイズマン,"EocPTLFvFPk, MTV0opOQ7Qs, 6rpKam9jn0c, mVFMqAHRx2Q"
ジョン・ボーナム,"UOSf9f5_qZ8, 36RalCXnxKA, Q5mA4nEhH04, D6E6kh6zQYs"
ジョン・マッケンタイア,"kYguPs1sEKc, gvK0fRh2Ta0, m5h2qtg7rYE"
白根賢一,"LgIazh_XDYs, eVIYBwS1AQI, o5uL25mtuRA, cRQ8uJJ0rf4"
神宮司治,"nT-JiGccMuM, AJjXK1D76xU, jwvmyz_uRQc, 4Lb-leYLHFs"
神保彰,"Qfr8F5rypQU, ED4wT_8a4ag, MsllfeiR54M, DZNyLAG3v7c"
ジンジャー・ベイカー,"4Gze0PxDKgQ, dTEu7VVkTLw, hIMIMSb9mpc, DBlqocYDSNk"
真太郎,"mJ8MPZbD9jA, Gq5xzbBay7U, 0Hr5WxCAgLA, O1IvoOSbbhA"
真矢 ,"qnPtWR7ELfE, NdAH7Rdq9pc, 5QU9UVC0XpU, mNGAmrZ4D4U"
Shinya,"2rCCZSFbAWE, 0GDNaFWaDNc, bDdBYmE39mQ, nDXjtwfLIhU"
菅沼孝三,"yY7xIgd8Tbc, DPBalRQehSc, 3rjxbfR8NDg, cDnjhgGMc6E"
鈴木さえ子,"QWIA0OQhfyM, -RQqKex__t8, 7-PTGFsS-Bs, dbgqcRXEWxI"
鈴木英哉 ,"XITBwpOgE7k, 7-aNZYign94, Z2oBEbKVlFU, r2jr_nkOTnc"
スティーブ・アシェイム,"gmt9yIik5OA, 9c2hCUrFRcg"
スティーヴ・ガッド,"4M1bEYHJJA8, gz6nWQpDflE, vl8pVVWCWM0, 9q_c160jfBY"
スティーヴ・ジャンセン,"89wGD4XzD2w, dozyL8KWGAI, vjVPboHelRA, sKYhVah80lo"
スティーヴ・ジョーダン,"EgfiYz4jo8I, SLvul9kIPX0, _RnoNAf3p8E, IfU1IbPYkdg"
スティーヴ・フェローン,"BH-OcwHPyV4, rl3UMVjvLeQ"
スライ・ダンバー,"Padjp3Fhnhg, PY9PBBPPQ80, I3-Q6atM4i8, 57MmsRyj0lI"
ターキー,"ABBBKyZllSE, 84u5QzDPqMk"
高田政良,
太我,"roD-X8qURjs, IoGfOwYKQfQ, HLqojnErCj0, fRxYv3c65pg"
田嶋悟士,"Pufk04wLfjc, D0AUKnLm9Og, pc7M4UcSYgY, GjnxRR9z_9U"
高野真太郎,"f_YJm5FezQ0, MQ4URxulV54, s2ja7Z-RFn4"
高橋久美子,"sudQILov9P4, yfH506u5g7A, RAlV-yBBMTk, 45kSUVAkbC0"
高橋浩司,"mJ8o9kMn7Yw, ORsVSq8dDr8, CThCbw4SRzk, WR2SyI4VG0c"
高橋宏貴,"YTMB9GEVd5k, 5phD14DnGO4, LwSn57mtFf4, -Q_CBCU67Rw"
高橋まこと,"lxwN07bqasg, j41cuHS9QS0, A6UKAAcBkMg, bfOwLmT47Ik"
高橋幸宏,"48xWPIyC-G0, GslyRqmWjgY, hd5ztTz1564, 8qjf2OlYXLk"
高橋ロジャー和久,"u2dHf-8CB3U, AGupDWmrGXI, a6ld-Viu8kA, k6IMpecALps"
高村佳秀,"CUJF1Dueg60, XZIXjiRTCJI, GJFfQ178j14, tJEmjz-WY_8"
TAKEO,"Cq4IaHA5VjQ, 9iorD8CDuNY, dAHvX_kFwHM, 37VfuXm5Mq8"
田沢公大,"ZuGE4OVtrN8, ldHhbg0NYRQ, aC4N9NTpmec, 0yhuFidY_NA"
田中清司,"aS5u50eqqvc, mbTnWmKVj2A, 7aSNIbQOEEs, wohPrd2FC7U"
田中裕二,"VRpcOUm2-os, eyQFmueyUNs, 3GUKt9BxEjM, BXf6UVkmNDE"
レイジ・タナカ,"wBlNgLss9Uw, RLAUPuf-hlg, ikqDHpOhS34, hV6MV_oI46U"
谷口奈穂子,"7pAO3TsuTjo, 6XSI6Jf9hqk, sW1KCn_EaW0, eK1GDcJmqTQ"
ダニエル・セラフィン,"RfgaxCig0wA, f9DJ5pvmXmE, aSVw0FBJ_cs, tUoOznwPXX8"
ダニエル・アデア,"cefVY1M5SdQ, FdQP8xAT4-8, 3q28apG6zn8, HQSxygbwtzw"
ダニエル・アーランドソン,"uL2qi1Dg9jc, c69EtqPo2QQ, emIcu9yiQ9g, 3pwwvMQ0MrQ"
ダニエル・スヴェンソン ,"v3kg3HT5BW8, APecgiej-tU, T53zeRmcxfk, r-CGkD5aAY8"
玉田豊夢,"7aeOK0Mks-U, Og4yQwDqV28, yonjswAbiEk, RoRAn3RrfRg"
田村はるな,OBgk2tEyV4Q
タリム,xfq3424vTG8
ダン・スワノ,"rZNVCOoTO2g, liZNKpPpZzs, htksufussQs"
チェスター・トンプソン,"LRil7lceapY, 2TlF5nCJePA, UFao7Zmu-9Y, dhwjcg6TeO0"
チャーリー・ワッツ,"2nzmYjg7zCw, O9ljSnk1b0I, VH6jkw1-KzU, PsmDZmfV3vc"
チャールズ・ハングリー・ウィリアムズ,
チャド・スミス,"9iEIxd8Rzms, OdGZVxkNzIg, l-seMLXmSkM, LuibdktNlWQ"
チャド・ワッカーマン,"CivVB1DeahQ, gUSTgQbXR8Y, Csi_s4m78uY, _HAR5AIbD94"
つのだ☆ひろ,"1JivMzIdP24, Gse7cY3kwxw"
角田美喜,"n3VlXnYPPrc, yIELw8AWmbQ, VYwOv1D0zaU, 1f_dW-0n8dA"
鶴田加奈子,U7OxrtzeaM0
鶴谷智生,"s-iPm-oKjyM, MfoUPVSb6SE, Zad9bd5WA-M"
ティコ・トーレス,"cNkXaItjSbA, UNszA45bFEI, E2sR-1Jo3iM, 8I4dAXmLRco"
デイヴ・ウェックル,"S1BNRvPVGqY, 7QOwQ0rSTHw, NSm-8-Bpn6o, xxEcfHw0B2U"
デイヴ・グロール,"mOU-YDy2rpc, MenGZSu5XbY, VdBnLiD4hCk, DYRmWtS3UI4"
デヴィッド・ガリバルディ,"saPLtJEsJcs, QYtg1SmjKe0, -QqQ4jkNj1w, pGWBqGa44ZU"
恒岡章,"93nEmAWlztw, BcIJI3wMaGs"
テリー・ボジオ,"tsvPU2Ab14k, XR3KWRDK3_U, a3F7ZizBPWg, p4NraBAIEXs"
徳永善也,"8P14KXoaDKw, uryLbAtSgMU, 0ClZ6YV25sc, FzT3M2geaRg"
栃木孝夫,"x_-OZfn1Zhk, Lift8TF1Wes, 231yFXI5KKY, K5YysblTk5A"
トニー・アレン,"IAY5Ggw-x8U, oCBpJkG6ngE, x_fY2WiaNpI"
トニー・ウィリアムス,"K2Mtm4134D4, OtOgMpX-VdM, Pl4eNR3Ag7c, R48Dt3A0grc"
トミー・スナイダー,"rWirPx0VfYc, KSZfQt2oxbI, gKbv6wVdyZc, 2LGhGYggDLM"
トミー・プライス,OzFRvucRr3A
トミー・リー,"l-rntpmBpAU, a3Eo6htO4t8, S8s5QzG7uFU, 7ub6gCVVYgo"
富田京子,"Z1N1W1am5gY, m9gbJd1fbGk, -bTi0JCnsX0, IxSAdWEZBgw"
Tomoi,"_Rc_JuXh1RQ, OkZh_hcLyOs, Tr8lWx5Gxek, wkT3ho3U0Rw"
トラヴィス・バーカー,"bP9_5mHmQMo, v4mBNNSd3To, g32Jka4GYLs, A5_aIbw1rPE"
トレ・クール,"g0yrD65xCqI, DihOH4LUh50, WDKiy9PsVIc, jdxn7_7pWlQ"
ドン・ヘンリー,"igRJTKNBX5k, caDlxnzbhh8, FiPqUjLMuA8, FVsbvFkhzY4"
長井一郎,"BsuAnAFpGWI, dIBzt3Vl9mQ, FtivjJLa8Gk, Ek2SJXX8gg4"
中畑大樹,"7dtn6Z2vwsM, sx-T7Smyujs, GK3Pdrb53H4, tfxBJ4bXY-A"
中村達也,"eW5yjr4IRXU, hx3DJwbf8oU, NRhDBnYWCds"
ナラダ・マイケル・ウォルデン,"m2ADLNaEIFQ, _GFY6pHP1IM, u9UQbf_VoQI, MOOof0WPKkQ"
ナヲ,"ZvUceOnK-aQ, EKhDH8Em8RQ, TqGiV575gAQ, xfUlwFbT9mw"
新井田耕造,"-7HUYugEStg, mwSLd-GEoBY, Xj8JpZhNr24"
ニコ・マクブレイン ,"ZBs-wwBFUoI, LAzyueLPQjg, nTdxEIDMKVk, HiPUlLKEI7U"
ニック・メイスン,"L2OylafY6PY, K6-bXwpsVZg, cm-71Q4L7_0, DEdSW76J1P4"
中幸一郎,"obii8yvc-ME, E0njkqTZfeA"
中村逸人,BHS4glJ-RFo
バディ・リッチ,"EeyyGmd5dvM, 9esWG6A6g-k, _ug_fes1fEI"
沼澤尚,"-lB52dHjWKA, nXFxZ0uVWkM, wsYFA447-nY, -ihBS71kuE8"
野口薫,"mXm-euhlzXU, OalQDft2pFM, GGlx1PUIS6I"
野口明彦,"cMwYiRruL9A, F5q6aeK-Rqk, 0Zr704h8Grk, ACfY4kilN9o"
野崎真助,"C9eMFL1rH7g, siW2OLTr6-k, 6Mt5UORz8r4"
則竹裕之,"PGRJJSXyTds, XGk-zvLgujY, qz6hmI__oVY, 5O8qThR6nE0"
ハーヴィー・メイソン,"xLzDjjzBmb4, fLV8ZnZQh1Y, r_PUkKD4kB4, P1Dz7cR1Qf4"
長谷川浩二,"six8pHmXfG8, SAS4kYr1uCI, 6uDoAure9dQ, hdpUTBmZ4qM"
長谷部徹,"RB74B0PV3gs, 2YoKSg4QAS0, IDRfc64B_Fk, ZHkkYiBOVtM"
刃田綴色,"UwhLq7PjINQ, u5T735uR02c, klZgzFU4zcU, MrESSp1TV6Y"
パット・トーピー,"FL7IacYyB7c, UtgDCW-bnkI, GmWoWsObDD0, 6_XWwvVXimo"
パット・マステロット,"EzRWxYT1p2M, wsX91LviVbc, ebipzBYQPhU, Xao884609DY"
バーナード・パーディ,"sj6o4cxWgl8, 5DyC02BM_P4, 0mmW6oHbTD0, ZPTqHKGbFOc"
林立夫,"50SIgrTjD40, QnTATQ-c0l4, LTA9NxxsB5g, vpsnyEYOAPY"
原GEN秀樹,"P2cxeh4TngQ, r9tT_xY86tQ, v9AaCHQUJ9E, wzZoXh-nZko"
原田俊太郎,"XrdE8BVXexw, WTvrMrUzAsg, fvGFCrzcThs"
原田裕臣,"Ei00SiM91Dc, dEjdnfkk8eY, VE3bKvkvakY"
坂東慧,"8XxL3nWE25U, 446pkR2OusE, sRn5MBig6SM, nQSrhipRZGE"
東原力哉,"vsvEjCJ42js, wnhT87lzJFU, kt9fU4RSWl4, 7o7LCRPyDBw"
ピーター・アースキン,"XScJIy8Gzzg, oIiVPLDCCL4, suTbdsMk-eE, 7HbHG6YMXzY"
ピーター・テクレン ,"Bx2IsPSqrQY, 1HY4PGK8lw4, cBsWlz-M0OI"
ピート・サンドヴァル,"8x1Ddg4_T18, LQqNJwa5lig, gobRreWTyfA, 8jxnGWwO8cw"
ピート・ベスト,"cdYmaOFfa6w, _CQS6DAePd8, WqEz1C7ThMg, DSkGeYffac8"
ピート・ヨーク,"-TAMnZXyYQA, It1KNEfl7NY, vbM6IbIktT8, QRiVqDOjJcc"
ピエール・ムーラン,"cDdIpUC2vqE, xlTabwZbklY, PqVM5jR7Kcs, m4HzOMX25vw"
東佳樹,"O87sq7gzfkI, rk6_BJMBOgo, 87rARP5jZOY, H4-uOGOgHD0"
樋口晶之,"Ei00SiM91Dc, abuD-yhv4oo, ZNMJdHGEUgg"
樋口宗孝,"J6kDMxorOFM, kCmkOscWFc4, iQmtMYumchg, xdvn1iHDHLI"
英樹,73rJw128Vi0
日野元彦,"YfPclH3jGMs, sceLL0sKtXE, z6skxajbNcc, 9X_Yu2mXfno"
宮脇JOE知史,"ocyRNRi0oV8, 6uARBxAril4, nzbnRlDpvDQ"
ふとがね金太,vapFU9F2efE
ピップ・パイル,6SOqvOpW1go
平谷庄至,"lWe33YdsD_0, dpjacMeyCpE, lvXdXJx2KGo"
ビリー・コブハム,"S3yR500uI90, 6fozgqulNOs, mCWhLUtCVXc, C5XyJnwyvVw"
ビリー・ヒギンス,"EO71gHClVvg, 2AcwnScNM9M, iirTKkBJ6eo, q0XUNz0E1ts"
ビル・ブルーフォード,"Y8mrQS7bQok, cVzTmp3ZV4o, WhudDa3JAyc, mUWxHXBWfCk"
ビル・リーフリン,"a6ZgLTCt1Cg, 56RxVPd9uaM, ZQtLHCPfp3U, eEhzLb0xhIo"
廣石恵一,"d5paAdwLuAU, ym6tc1PeZfc, 27xPnQz0M-8"
フィリー・ジョー・ジョーンズ,"UzChddbWLQU, fIPIc3bkYoc, -buEfV1vRb8, AQAYo4u4OrE"
フィル・コリンズ,"45KREhFGtRw, diMjkjqdXfk, 7OqICdai-Hs, y_Z0w9OjSlM"
藤田浩司,"63PtOTzuQ_I, HC3_8ucXM6s, sqPGau4iFYA, O-0_WtdtU8k"
藤本健一,"CVzQAQRD_AQ, YvL64i67mig, DXT5k_pExew"
ブライアン・ダウニー,"gNE-m-1Ucx4, F559obWu44Q, qTdxsz8zR1U, UPfcXXTcZ-Y"
ブライアン・ブレイド,"6JbuhbRZfZI, cAwnX9gTpp4, WT-vf0q3Y7Q, 4p7terK_udw"
ブライアン・ベネット,"0AUDauqqN5s, FdaFJBB7xD8, FOcuueiw_fs, e79Nyln_J9k"
本間大嗣,"tqzswWjAvZ4, WdBc_yxvKhQ, lpt04kd-Vc4, wD-dApDZc7k"
MAH,"gvsc6FTqCZ8, jPGlQgq7zTs, XLTGNHH_q7w, _PWfuqKQ7Xc"
フランキー堺,"aYIDMtgUg_Y, uNK-XdweqAw, 9-9HFLCMOyA, zZ0nxZZ2RqU"
フリオ・キリコ,"vkNCMHn1_Fs, bCzwt0gsNIU, X80VmHGleD4, dEN-gCfbNes"
フロスト ,"N7Rkepbosc8, dId1oNoNjJ0, rmP6AseQrVw, KVKHeu3aJ2U"
ベイビー・ドッズ,"1IMMeEWD-2A, TnqKwfU9S1M, v1IydArZlFc, oeefBWH3WKM"
ポール・クック,"yn2KrohTZ4c, -obPEnyEakc, PgnBi_eVGaw, Oi-cdmYZIkQ"
堀之内大介,"K9VgyLU-850, N3DBUPiBDtc, N8FoOVN_7kc, 0Rv2uTSGW8M"
マービン・レノアー,"12WgRbcByQs, o-O5AX_z4r8, 7YpLgZgpbqg, L4QX8giBQ4I"
マイケル・ジャイルズ,"whT8xG1byTI, z1IfhSc0pf4, MxjCJa2rqF4, 1CBWq2l_UE4"
マイケル・シュリーヴ,"BQmMz1eMutY, uSHU-hvxexg, e1EPRp6kiqE, IylUqt227xo"
マイケル・ホサック,"J9URZfqYf2o, OBiXIPKlTdk, jACC3KEbPnw, djA4Sv7tY5w"
まこと,"9Ot6cY5s2FE, 1ZMlmLrwIns, 1_y_MWq9ekQ, p0uN7qz8sA0"
三好真美,"TREGhcsk7VE, O6gVG3CtMiU"
マシータ,"re_78CXswIU, gtXOv320jEE, ZOIDtopMycU"
升秀夫,"0uccLMtZBNk, Oh57YxEW_jQ"
舛岡圭司,"TBYZ5qcBnfk, TYGibolHj0k, EYrmEZOuqyM"
マックス・ローチ,"Z5GSYwveJRw, D5EU8eFyWLw, pf_ypl_SkfY, MIcnES15U9M"
松田弘,"CkDnWm7Z-kk, H-rJ_6JGS5I, 94AIv6hSwL8, AaWPwnFwV2w"
松藤英男,"afm6fYPQM1Y, UWpztVDyUCA, GVLQFOJrZXY, _JGV0pTqZzg"
松永明日斗,"RxZHcGc03Yw, xrFAMMdWtQo, 0XdjpF-1mes, VulCKib3rRo"
松永俊弥,"tiFkX-Gt-8A, KPEgw6X-fl8, myEZZ6T0eFA, KVKLyxGE_Uc"
松本隆,"qkMNFU3EvA0, W97cYEjP65o, 82zygUTU-Qs, NMrCbVwzyjg"
松本玲二,"CSuq1QyIRhc, _5IaBQQ71l8, 1T_7VRyuyvs, RxXdpTmq7ms"
御木惇史,"hveASU0exho, -ArM_uyXaVk, ibrkUHtvoXY"
ミッキー・ディー,"ha99dPTV864, y-bQW-Zabc0, tliIrE7PRa4, YmpxA8T6y_E"
湊雅史,"sHtZi-lGS2U, WX9bKPT-pEg, oI1hgslFo-U, FshNCK9XG5k"
みのすけ,"lc0Dyr3_dps, DC0WVLsnXTU, gl_lfVs6ie0, n5ePAY2zoP0"
宮ユキオ,"Aj2CUeiKAXg, Q43A9RJ4lE8, _u7XKQva2n0, zxqNn-rLYQY"
宮上元克,"RVxZ8C4w6l4, _mJC9wPY3Tw, zU03oA1JhEw, b5sWb7dMIfY"
宮田繁男,"zElIU-05hLg, QtSf0jm2zoE, Gi7oSS7nDRU, vYlKqYrbnB8"
宮野大介,"ygH90wWaeaM, wztuOaWhqbs, D7n5ipesj1g, czbvVPwFFxw"
松田晋二,"BSMdHwrWR7U, TTX73Q5DqPQ, OhStoj1W0AY"
向山テツ,"tkBrM-ucGn4, IjLSmK0KpTM, xwRGzix23g0"
モーリン・タッカー,"26Y-qPglJQ0, 9FizU0yFVWc, oVnFdX1X9ww"
村石雅行,"_C-Vm67GNoM, u8MMPowEDYw, RjMN1OmD5BI"
牟田昌広,"wa0WamyciVk, pMR5SZwKSVQ, DVZJWfBGHu4"
村井守,"vAV1zdr5-Wg, oiHvSS9pEUc, kO1vKgmxMkI, uXtdW0mTM5M"
村上寛,"u-j3j6p7-QE, xtzCeeqdZ7s, 4Tu6QbdHTXM, m_enq4HIYTY"
村瀬シゲト,"8YQawuI5vt8, VuMXa5MQOKE"
メルヴィン・パーカー,"ViJ3uO3db6c, 42s8wzOazg4, vt_i6ke7gzg"
メル・テイラー,"pz0sFZVjOZI, LJJtI587-Uo, 1sx4zNUyy-0, IrKv6ke49-8"
メル・ルイス,"RxHwHiHnPUw, adD1rQ2wsgQ, Bq3SPtvOfk0, qejZLD2DZ4A"
イクエ・モリ,"2xBHrAUrC2c, dwioEfHjryo, amt4HytTsKs, MmlakxBToY8"
森信行,"xevcQt87pdA, X78RMqX2FUY, btzVLs9E_z8, _BDueNKlZyM"
矢尾拓也,"7NtRn4lT5k8, qT1nZb60wq0, DM_UsF20goY, Yh8M0v6PDoA"
八木優樹,"DcV6jZeInJo, N39glrfql0I, xrk870w2-S4, hkhJF1diP0o"
ヤキ・リーベツァイト,"qVFv9ct4iZo, 5a_XVM7LGnk, h6w7JiWRpvA, VYi3QbxmtCI"
ヤスカ・ラーチカイネン,"H2lx72yyNrY, CYCbcE9_cxY, AgmvOkDqCHI, RtKZ1yMzgCQ"
ゆうや,"MDZg9W6LlG8, IXpi-FdEucQ"
矢野博康,"BL2YgLGKRh0, 9-YuRHO4UK0, 0VrpbQ2_O2E, 7M5osig6TP4"
矢部浩志,"w5GmOw3JQkI, vHGic85t5ms"
山木秀夫,"v9p7RSiTLCc, K3T78p1PpDU, 6vRbQgt6kf8, IemBsxnxLyU"
山口智史,"7EmLgYDNDMo, cXhInAu6Xuw, 5sKYttk4vw8, B7Wn3AqdgF0"
山口昌人,"yoNTgV0i4Kk, wRgXCqYPJNc, 103MkPhwr4I, aGKCrrvF1rg"
山田雅人,"3kqHlIAK4i4, OvOVByvidgQ, oNbYNQw6SGI, RXyeI6d4W24"
山田亘,"_W-0rb5xiC4, gk6JgkLFsPg, QkOujp7HOYQ, LNWm9_jd01k"
山中綾華,"PUbnzu6bLpo, WxOLIYN-V9E, 6rKUraBWYcg, f3DQmRJZb3s"
ヤン・アクセル・ブロンベルク,"tFIW5b2lwpg, EYEj1027CJY, tuGr2Jf7Ynw, 5tvplZsucU4"
ヤンネ・パルヴィアイネン ,"zdsueEQBHxY, BW1ZNfzTGW0, c-tZR9UemLM"
吉田達也,"iKab72__C00, xdDzroF9i34, OnQXoygwe5A, 4dvS2ndGklc"
吉田太郎,"3n6m52r-wtE, n9OhXHtVhlM, YsTJeD4APkY, PrH4PKDjRpw"
レニー・ホワイト,"L3LMJyyxDpk, 1Lig5Ta90cg, uxUfJUyNluA"
LEVIN,"79U3sITIsyU, G6rVoYZ_0hY, ufm4HB0FBAQ, KRljy4vLAlg"
吉田佳史,"JWze0nj2GYA, 6g5WgUy2YsU, iwr4mO7ak38, Pm1tO4o1uLo"
芳垣安洋,"51qui7j7k08, JEo-LHmHf3Y, 8CYIby0JMMM"
ラーズ・ウルリッヒ,"gnOr8wLN3Po, c571hgE91Ik, A96QtqEpqUA, pYaNPDrGT1E"
ライデン湯沢殿下,"b90UlAVYmfA, -zJT1pJX5cQ, Da6Z6iDYoVQ, oMCfaCXL4bw"
ラス・カンケル,"bPimWjvwUQY, jvik-v6VPtQ, MxTfXOqk73w, 8fxG9E1RZyI"
リヴォン・ヘルム,"WzM_QTl7OVY, bSlAQIuettA, vGwqdiO-xs0, _GfkSz2ZbQM"
リオン・テイラー,"7LYXMYVPP2Y, sAJZT0X1kqk"
リッキー・ローソン,"VYpEPdubX-w, H96qY4h-NZ0, OIiovzvO7yY, bPh3D2NcuUQ"
リック・マロッタ,"gaPvEzsD7Og, _j4UajQNxMU, 2TNeQhdgWjE, qQiOwN23RK0"
リッチー・ヘイワード,"qqFFsKmAFqI, -Mp7LyRUosQ, ji7hKP4KHJk, 8HVBAIpQ_dc"
笠浩二,"Md9SnZCoxcg, QSSWrJdAoY0, zBHsPe6kIOo, yRfMSnzmFTA"
RUKA,"XdWpin2GUYA, EtXjcDeRS0k, Wg5dO1og3eo, ss38EuU8mIw"
レニ,"VOp5gXhmkJM, B8h5BxC-L34, 4v5o1toxnz4, uYONNiYOcw8"
RINA,xPF_b07DcDE
金子ノブアキ,"OUGHo5Efy6w, KnL9anTBGkM"
ロジャー・テイラー,"5a9ZQGeuFck, -OJMwCL8XSE, CLZA575USmc, USeQj1nnZfg"
チト河内,AUZjQXOUIKY
そうる透,"DtPAn0FGMdM, CikRivqUMUQ"
ロジャー・ホーキンス,"KLLYKipwhnE, qkBMYEMqJUg, J8uxl3UpUJ8, C3uf1fvR_Y0"
ロバート・ワイアット,"FkrvzyVt7qQ, ounL0tONoX4, kt5ghedxkhc, Bl5YYunvCiE"
ロルフ・ピルヴ,vS0HG0C_H8Y
ロン・ベック,2xeClVPopBQ
渡辺作郎,"PMaIdiv_GE8, VXOSWqCLVNE, C9eMFL1rH7g, r_rmGYgv3NY"
渡辺拓郎,"hLdT1_VwcZ4, FFjkIl2M1kI, 4Z6qcTuKzKw, tuIIlCKK5cY"
渡辺豊,1rDTDaZ4LL0
﨑山龍男,d77cryi-TOY
むらたたむ,NGOf89hfbD8
デニス・チェンバース,JY15louxniU
MIZUHO,R01jMIDJF2U
TASSHI,6LSCCH3-pkw
河村カースケ智康,"R7gXVLtIvXw, qV68amYP7QI, CrVQHvlALyw"
KO-HEY,P9y3S78DaEc
GRACE ,"IMxXOxicruk, qRpxOAuD1dc, hD-n33kx7Bc, gjAzyCrCB6A"
Fuyu,"vzzOT0R_keQ, kj2NAr5QFzQ, 0PBZSG4iHT8, LeAIjoLg9pU"
HIROSHI,rE7Fi643fl8
TOMOYA,OtTFPZSQ_Qc
河村吉宏,"-HpNzz-x3qg, I1IWTT8wax4, Z1vLZ_jY7rc"
IWASAKI,"ahVdZZQLvF8, 4RXxabY7hfQ, ramhq_aK7Os, MFAkrbYf4Ck"
YOSHIKI ,FgVlJqzY_Kg
あらきゆうこ,5nlSzF4iy-A
にゃんごすたー,FwIZou0ND80
ほな・いこか,3NLlFLC8avQ
アヒト・イナザワ,VM2pPinSh5c
エド・ウドハス,38y45aHmgwI
エド・グラハム,l9m3OsLPZD8
エルヴィン・ジョーンズ,dUBgU7AiTWk
オルヴェ・エイケモ,"O4oLVuGndSo, Mpiri51gw9A"
カレン・カーペンター,"E8LxsGy0DrA, Vtv4qZhwWVg"
SHIHO,"IWEw1Nr9-qo, l07bq_fIe0g"
YOSHIAKI,"vQ539Ow1Z1k, ENtBbhtQsvc"
ジェフ・ポーカロ,"PaLnGVYjKMI, MRzcuaVnMak, NMI81yIlT0Q"
ジョン・スタークス,"x-xGOV7mkdo, _vfeYhhBoaA, 6xsbeSykSjs"
ハナ肇,"PO_wjDvChew, jIxVF5YrM1s, 9HCxT1S1Org"
ピエール中野,"ACgI9ZMI140, LkZyGc6QA5o, Ym8WzTkkOh4"
ピーター・クリス,"5jBeKPeoSkk, wa4MQ0zmDVY, TYsjz-o6bM4"
ファンキー末吉,"u8jITMsoI0Y, yY6lEJrTeUs, Vjh5ueh0r6I"
リンゴ・スター,"U69eYj430cw, saiuLcaPWQ0, FC3vYfR7FR4"
ヴィニー・カリウタ,"lYlMcLTOr-g, AtqNqcgzySM, WxOirev4Nqk"
yukihiro,"8xk_HHE7SPE, PZkTKDavNBI, 7EZELe0Kjuc, 1CiPwXmd8FA"
ナカヤマシンペイ,"Z68fSAEYb0s, _U45_KNppDg, mIjXmFEo1vU"
アラン・ホワイト,"QcsJBRLbsVg, UUkboZWpRxI, t1dMrdIjgcU, dvp0R3xd1vo"
アール・パーマー,"NiRPNvWQYgE, 8QD9otryiXU, MI6-WeRRNcE, XNcaDyrakrQ"
アンダース・ヨハンソン,"AfFGo6GTBJ8, ye5DQhvWJoE, Ut7dwdNLVNk, MTMFDfOQdug"
アントニオ・サンチェス,"ZXWVQE6ESwY, jhdw1raDxI0, efERFCN0B_0, Qafq8drD_L4"
イェスパー・ストロムブラード ,"WByGv-qdZ4w, 7yHFAVJWLdo, Nv-qxc2zSP0, U07K4rjqjcE"
植田芳暁,"23jx7_JgCqE, jaQsWk7VQAc, INzvXJBNYlg, SsjzpYZdKNI"
ヴァーネル・フォーニア,"7d7SPXabfpk, ssPNp7Q_Xp4, OyTVLlb9A90, FaxblP5zjuA"
ヴァルグ・ヴィーケネス,"PriKZf3sxtE, DYx9YZ2iGcI, B1BIHUPfDGA, eHsbMKFMUYM"
英竜介,"UMb1QEJJilg, BJpcn5p1TUI, qFH2oNnXJEg, kc-eNubA178"
エットレ・リゴッティ,"4lvNLaChYxA, o_01U5tmSuI, z3q49lNCH5M, WRxDwBMeZFg"
岡本郭男,"jDrHtnUczG0, f6iop2z6Lvo"
カールトン・バレット,"rf8GjhXvOjU, kLJADjFxoRY, zGO8HN1QQdI, V8sDYYwu2t8"
キース・ムーン,"D6LL5wjuB4Y, EMDTYJn4_E4, Kp4-JNdixq8, nrVkGHwo_sE"
熊谷徳明,"gYCZfhGg4So, HxETAjVOyys, LCa7oJy7zJk, Fr9Mbn5O1vk"
クリストファー・パーカー,"DDblZA_JtEs, oDeCQOcZDMM, FAGzu6529Ow, l5hoHsk-kzo"
庄村聡泰,"qtkhmn5Upok, LoqSTa2fVow, H7B6fFj7baw, cRGHAb9-GNk"
グレッグ・ビソネット,"KX4woCp3zNw, 0_1AkJSxHWA, R_WEI9FuNfE, vk3Jk7F4eN4"
櫻井雄一,"x94h5xscojs, FEJNyHiAxxo, Dr05TwB-u8g"
佐藤シンイチロウ,"gZHBURHyFYI, B-3LS6EcCxU, KXF-vuWqhXo"
ザック・スターキー,"PiNOOjIRJv0, X4o0wV1uUIQ, sv3Fi7iOElc, GOq8JhnC1X0"
ジミー・コブ,"oHhZXG6AUrU, ThnaJCTdjDc, B6zPHplTEUU, Y5vQa6w1dHE"
ジム・ゴードン,"bxVpzrDyCOE, tbdzmnffuuE, amJR7UGRDAg, 0wZULkGxE90"
ジョージ・コリアス,"EMLJZVk7Abo, RqzZmNqdWck, Hh9zhbhVgWs, ZJo4oKI1DLw"
ジンジャー・フィッシュ,"1EUGesW4CtE, KSfE32T5xFY, 9XzhdLt1oF0"
スチュワート・コープランド,"1jsFRFgcjTo, yB65_CVbo-0, Ki97mpo6Y_Y, iFrnFACeg7o"
スティーヴ・スミス,"_WRrIQj-nZQ, 4iJS2j02VVM, TOSzQeigdls, iQlhFv0CdGY"
ダーク・ヴェルビューレン,"0MHihA0h61k, HpZdIFbKqSY, kSfJgLDlrIM, _pMf1KlcYhE"
tax,"1RnBDQJyQdI, OJQnPBdzcbk, XWo627F7CeU, hB_Vg9OkLVI"
田中一光,"b0Nf4a8rLaw, lbCn2UKSlxs, 4v2aE_yvtqw"
田邊昭知,"HRrJAGwqX4k, aobA3RU3SXc, rOjPxd0hSGU, PNP6ncLYra4"
ダニエル・ユメール,"XBfYKTmF0y0, PqddGfOt3pw, ropzDIc1TOg, lyMLUJXPTYc"
デイヴ・ロンバード,"F3CJxDpWZfk, sGWXbNYqqVI, 1Ct_APDOQDU, Bd9C4rPan8s"
ティト・プエンテ,"zZQh4IL7unM, -6JpDni8t5w, RPvMEZoZoZU, V3FNfxW7j0o"
トーマス・ラング,"5g0MGRaF1oM, _rT_mqPKVvA, Weh5pVA5Hf4, Xv5Rhp3fX60"
トミー・アルドリッジ,"973yEBynCsg, xMAq8pbkucw, 9WhvojT62lA, nLQsR66kw-4"
ナイジェル・グロックラー,"sWeGY6nD-e4, srPTxoGxxME, aWFM6IrFuyI, zPBJKNlWqGQ"
永井利光,"hmhxkuPTK1c, n8vlcrcFfKo, 2UspaFzrldU, Uqby4BULGbc"
ニール・パート,"LWRMOJQDiLU, 2E85dkOYhtQ, pnCbJ0sUGZs, k4hKhBuNF3Y"
ニック・メンザ,"s7u_Lpzmaik, NxkJ-CUGrcE, 1VgXexULFw0, 4eNsI2rPV-Q"
ピーター・ウィルドアー,"7vli1QsK6mk, VpcCJGLV1Is, vK4lb_MPNRA, 1XFfYY3cpZ0"
ビョーン・イエロッテ ,"vCvEUrBkJ5o, UzJktSfVOMA, tebKZRJDnUo, rAC7AN7Cxr4"
ベヴ・ベヴァン,"PYQQgUs2Bww, sKvVokm7NYU, 8gQVq-Y_BjY"
マイク・ポートノイ,"pbraa_AyNpE, XFo8UgrUkNA, 1jP6hJ3fjTQ, Fc1QDroNj-E"
マコト・サカモト,"iBRjKrM7eZ8, AkIXjwUUk08, yZyrxr_Moto, DarnNZxHP4c"
松岡昌宏,"vqJk1pUFJWU, 4j7NaIrS4yE, oGaBluB9xig, gDqw9JuN5ew"
マルクス・ヒルヴォネン,"bf_C-qJlCX4, dQMbgnHULsk, TNEowqF3408, cPyTUdoieFQ"
三村隆史,"W5NmyOIyYbo, CS_QAgprvzw, -40y-82x7p0"
栗原寿,"lLV5b5fPBGg, yb0pmQs5gGA, 2828WJq3M14, SCBt-BgVYZE"
航,iE6eRN87Txk
村上ポンタ秀一,"Q4gBY7MaBXw, nwkr3T3yy9A, qBvwGYZboEg"
道倉康介,"BNVWBPb0Ses, xj8Aomt_jjI, m2P8re7Tw6s"
茂木欣一,"Sc8mMhE76rM, fHNjqEeWCKQ, JFltIlHoT9c, I_AFtlVb1v0"
ヤガミトール,"rBdKFEcgnog, O6rjZbxyPeM, 715XlE6Vy20, zKs3pfIfNcU"
ヤニ・ステファノヴィック,XLdoMaNv4Hc
ロイ・ヘインズ,"kBeBnnqpOcs, 7kXWHd0K9OA, ogJ8PeEmB4g, EEb-wA2hgB4"
ロッキー・グレイ,"_jbECN-U39g, ESqE9AMmhVg"